numero_mesa,odpe,departamento,provincia,distrito,pagina_fuente,estado
034740,LAMBAYEQUE,LAMBAYEQUE,FERREÑAFE,CAÑARIS,1,PENDIENTE
034741,LAMBAYEQUE,LAMBAYEQUE,FERREÑAFE,CAÑARIS,1,PENDIENTE
034742,LAMBAYEQUE,LAMBAYEQUE,FERREÑAFE,CAÑARIS,1,PENDIENTE
034743,LAMBAYEQUE,LAMBAYEQUE,FERREÑAFE,CAÑARIS,1,PENDIENTE
034744,LAMBAYEQUE,LAMBAYEQUE,FERREÑAFE,CAÑARIS,1,PENDIENTE
034745,LAMBAYEQUE,LAMBAYEQUE,FERREÑAFE,CAÑARIS,1,PENDIENTE
034746,LAMBAYEQUE,LAMBAYEQUE,FERREÑAFE,CAÑARIS,2,PENDIENTE
034747,LAMBAYEQUE,LAMBAYEQUE,FERREÑAFE,CAÑARIS,2,PENDIENTE
034748,LAMBAYEQUE,LAMBAYEQUE,FERREÑAFE,CAÑARIS,2,PENDIENTE
034749,LAMBAYEQUE,LAMBAYEQUE,FERREÑAFE,CAÑARIS,2,PENDIENTE
034750,LAMBAYEQUE,LAMBAYEQUE,FERREÑAFE,CAÑARIS,2,PENDIENTE
034751,LAMBAYEQUE,LAMBAYEQUE,FERREÑAFE,CAÑARIS,2,PENDIENTE
034752,LAMBAYEQUE,LAMBAYEQUE,FERREÑAFE,CAÑARIS,3,PENDIENTE
034753,LAMBAYEQUE,LAMBAYEQUE,FERREÑAFE,CAÑARIS,3,PENDIENTE
903042,LAMBAYEQUE,LAMBAYEQUE,FERREÑAFE,CAÑARIS,3,PENDIENTE
903043,LAMBAYEQUE,LAMBAYEQUE,FERREÑAFE,CAÑARIS,3,PENDIENTE
903044,LAMBAYEQUE,LAMBAYEQUE,FERREÑAFE,CAÑARIS,3,PENDIENTE
903045,LAMBAYEQUE,LAMBAYEQUE,FERREÑAFE,CAÑARIS,3,PENDIENTE
903046,LAMBAYEQUE,LAMBAYEQUE,FERREÑAFE,CAÑARIS,4,PENDIENTE
903047,LAMBAYEQUE,LAMBAYEQUE,FERREÑAFE,CAÑARIS,4,PENDIENTE
903048,LAMBAYEQUE,LAMBAYEQUE,FERREÑAFE,CAÑARIS,4,PENDIENTE
903049,LAMBAYEQUE,LAMBAYEQUE,FERREÑAFE,CAÑARIS,4,PENDIENTE
903050,LAMBAYEQUE,LAMBAYEQUE,FERREÑAFE,CAÑARIS,4,PENDIENTE
903051,LAMBAYEQUE,LAMBAYEQUE,FERREÑAFE,CAÑARIS,4,PENDIENTE
903052,LAMBAYEQUE,LAMBAYEQUE,FERREÑAFE,CAÑARIS,5,PENDIENTE
903053,LAMBAYEQUE,LAMBAYEQUE,FERREÑAFE,CAÑARIS,5,PENDIENTE
903054,LAMBAYEQUE,LAMBAYEQUE,FERREÑAFE,CAÑARIS,5,PENDIENTE
903055,LAMBAYEQUE,LAMBAYEQUE,FERREÑAFE,CAÑARIS,5,PENDIENTE
903056,LAMBAYEQUE,LAMBAYEQUE,FERREÑAFE,CAÑARIS,5,PENDIENTE
903057,LAMBAYEQUE,LAMBAYEQUE,FERREÑAFE,CAÑARIS,5,PENDIENTE
903058,LAMBAYEQUE,LAMBAYEQUE,FERREÑAFE,CAÑARIS,6,PENDIENTE
903059,LAMBAYEQUE,LAMBAYEQUE,FERREÑAFE,CAÑARIS,6,PENDIENTE
903060,LAMBAYEQUE,LAMBAYEQUE,FERREÑAFE,CAÑARIS,6,PENDIENTE
903061,LAMBAYEQUE,LAMBAYEQUE,FERREÑAFE,CAÑARIS,6,PENDIENTE
903062,LAMBAYEQUE,LAMBAYEQUE,FERREÑAFE,CAÑARIS,6,PENDIENTE
903063,LAMBAYEQUE,LAMBAYEQUE,FERREÑAFE,CAÑARIS,6,PENDIENTE
903064,LAMBAYEQUE,LAMBAYEQUE,FERREÑAFE,CAÑARIS,7,PENDIENTE
903065,LAMBAYEQUE,LAMBAYEQUE,FERREÑAFE,CAÑARIS,7,PENDIENTE
903066,LAMBAYEQUE,LAMBAYEQUE,FERREÑAFE,CAÑARIS,7,PENDIENTE
903067,LAMBAYEQUE,LAMBAYEQUE,FERREÑAFE,CAÑARIS,7,PENDIENTE
903068,LAMBAYEQUE,LAMBAYEQUE,FERREÑAFE,CAÑARIS,7,PENDIENTE
903069,LAMBAYEQUE,LAMBAYEQUE,FERREÑAFE,CAÑARIS,7,PENDIENTE
903070,LAMBAYEQUE,LAMBAYEQUE,FERREÑAFE,CAÑARIS,8,PENDIENTE
903071,LAMBAYEQUE,LAMBAYEQUE,FERREÑAFE,CAÑARIS,8,PENDIENTE
903072,LAMBAYEQUE,LAMBAYEQUE,FERREÑAFE,CAÑARIS,8,PENDIENTE
903073,LAMBAYEQUE,LAMBAYEQUE,FERREÑAFE,CAÑARIS,8,PENDIENTE
034611,LAMBAYEQUE,LAMBAYEQUE,FERREÑAFE,FERREÑAFE,9,PENDIENTE
034612,LAMBAYEQUE,LAMBAYEQUE,FERREÑAFE,FERREÑAFE,9,PENDIENTE
034613,LAMBAYEQUE,LAMBAYEQUE,FERREÑAFE,FERREÑAFE,9,PENDIENTE
034614,LAMBAYEQUE,LAMBAYEQUE,FERREÑAFE,FERREÑAFE,9,PENDIENTE
034615,LAMBAYEQUE,LAMBAYEQUE,FERREÑAFE,FERREÑAFE,9,PENDIENTE
034616,LAMBAYEQUE,LAMBAYEQUE,FERREÑAFE,FERREÑAFE,9,PENDIENTE
034617,LAMBAYEQUE,LAMBAYEQUE,FERREÑAFE,FERREÑAFE,10,PENDIENTE
034618,LAMBAYEQUE,LAMBAYEQUE,FERREÑAFE,FERREÑAFE,10,PENDIENTE
034619,LAMBAYEQUE,LAMBAYEQUE,FERREÑAFE,FERREÑAFE,10,PENDIENTE
034620,LAMBAYEQUE,LAMBAYEQUE,FERREÑAFE,FERREÑAFE,10,PENDIENTE
034621,LAMBAYEQUE,LAMBAYEQUE,FERREÑAFE,FERREÑAFE,10,PENDIENTE
034622,LAMBAYEQUE,LAMBAYEQUE,FERREÑAFE,FERREÑAFE,10,PENDIENTE
034623,LAMBAYEQUE,LAMBAYEQUE,FERREÑAFE,FERREÑAFE,11,PENDIENTE
034624,LAMBAYEQUE,LAMBAYEQUE,FERREÑAFE,FERREÑAFE,11,PENDIENTE
034625,LAMBAYEQUE,LAMBAYEQUE,FERREÑAFE,FERREÑAFE,11,PENDIENTE
034626,LAMBAYEQUE,LAMBAYEQUE,FERREÑAFE,FERREÑAFE,11,PENDIENTE
034627,LAMBAYEQUE,LAMBAYEQUE,FERREÑAFE,FERREÑAFE,11,PENDIENTE
034628,LAMBAYEQUE,LAMBAYEQUE,FERREÑAFE,FERREÑAFE,11,PENDIENTE
034629,LAMBAYEQUE,LAMBAYEQUE,FERREÑAFE,FERREÑAFE,12,PENDIENTE
034630,LAMBAYEQUE,LAMBAYEQUE,FERREÑAFE,FERREÑAFE,12,PENDIENTE
034631,LAMBAYEQUE,LAMBAYEQUE,FERREÑAFE,FERREÑAFE,12,PENDIENTE
034632,LAMBAYEQUE,LAMBAYEQUE,FERREÑAFE,FERREÑAFE,12,PENDIENTE
034633,LAMBAYEQUE,LAMBAYEQUE,FERREÑAFE,FERREÑAFE,12,PENDIENTE
034634,LAMBAYEQUE,LAMBAYEQUE,FERREÑAFE,FERREÑAFE,12,PENDIENTE
034635,LAMBAYEQUE,LAMBAYEQUE,FERREÑAFE,FERREÑAFE,13,PENDIENTE
034636,LAMBAYEQUE,LAMBAYEQUE,FERREÑAFE,FERREÑAFE,13,PENDIENTE
034637,LAMBAYEQUE,LAMBAYEQUE,FERREÑAFE,FERREÑAFE,13,PENDIENTE
034638,LAMBAYEQUE,LAMBAYEQUE,FERREÑAFE,FERREÑAFE,13,PENDIENTE
034639,LAMBAYEQUE,LAMBAYEQUE,FERREÑAFE,FERREÑAFE,13,PENDIENTE
034640,LAMBAYEQUE,LAMBAYEQUE,FERREÑAFE,FERREÑAFE,14,PENDIENTE
034641,LAMBAYEQUE,LAMBAYEQUE,FERREÑAFE,FERREÑAFE,14,PENDIENTE
034642,LAMBAYEQUE,LAMBAYEQUE,FERREÑAFE,FERREÑAFE,14,PENDIENTE
034643,LAMBAYEQUE,LAMBAYEQUE,FERREÑAFE,FERREÑAFE,14,PENDIENTE
034644,LAMBAYEQUE,LAMBAYEQUE,FERREÑAFE,FERREÑAFE,14,PENDIENTE
034645,LAMBAYEQUE,LAMBAYEQUE,FERREÑAFE,FERREÑAFE,15,PENDIENTE
034646,LAMBAYEQUE,LAMBAYEQUE,FERREÑAFE,FERREÑAFE,15,PENDIENTE
034647,LAMBAYEQUE,LAMBAYEQUE,FERREÑAFE,FERREÑAFE,15,PENDIENTE
034648,LAMBAYEQUE,LAMBAYEQUE,FERREÑAFE,FERREÑAFE,15,PENDIENTE
034649,LAMBAYEQUE,LAMBAYEQUE,FERREÑAFE,FERREÑAFE,15,PENDIENTE
034650,LAMBAYEQUE,LAMBAYEQUE,FERREÑAFE,FERREÑAFE,15,PENDIENTE
034651,LAMBAYEQUE,LAMBAYEQUE,FERREÑAFE,FERREÑAFE,16,PENDIENTE
034652,LAMBAYEQUE,LAMBAYEQUE,FERREÑAFE,FERREÑAFE,16,PENDIENTE
034653,LAMBAYEQUE,LAMBAYEQUE,FERREÑAFE,FERREÑAFE,16,PENDIENTE
034654,LAMBAYEQUE,LAMBAYEQUE,FERREÑAFE,FERREÑAFE,16,PENDIENTE
034655,LAMBAYEQUE,LAMBAYEQUE,FERREÑAFE,FERREÑAFE,16,PENDIENTE
034656,LAMBAYEQUE,LAMBAYEQUE,FERREÑAFE,FERREÑAFE,16,PENDIENTE
034657,LAMBAYEQUE,LAMBAYEQUE,FERREÑAFE,FERREÑAFE,17,PENDIENTE
034658,LAMBAYEQUE,LAMBAYEQUE,FERREÑAFE,FERREÑAFE,17,PENDIENTE
034659,LAMBAYEQUE,LAMBAYEQUE,FERREÑAFE,FERREÑAFE,17,PENDIENTE
034660,LAMBAYEQUE,LAMBAYEQUE,FERREÑAFE,FERREÑAFE,17,PENDIENTE
034661,LAMBAYEQUE,LAMBAYEQUE,FERREÑAFE,FERREÑAFE,17,PENDIENTE
034662,LAMBAYEQUE,LAMBAYEQUE,FERREÑAFE,FERREÑAFE,18,PENDIENTE
034663,LAMBAYEQUE,LAMBAYEQUE,FERREÑAFE,FERREÑAFE,18,PENDIENTE
034664,LAMBAYEQUE,LAMBAYEQUE,FERREÑAFE,FERREÑAFE,18,PENDIENTE
034665,LAMBAYEQUE,LAMBAYEQUE,FERREÑAFE,FERREÑAFE,18,PENDIENTE
034666,LAMBAYEQUE,LAMBAYEQUE,FERREÑAFE,FERREÑAFE,18,PENDIENTE
034667,LAMBAYEQUE,LAMBAYEQUE,FERREÑAFE,FERREÑAFE,18,PENDIENTE
034668,LAMBAYEQUE,LAMBAYEQUE,FERREÑAFE,FERREÑAFE,19,PENDIENTE
034669,LAMBAYEQUE,LAMBAYEQUE,FERREÑAFE,FERREÑAFE,19,PENDIENTE
034670,LAMBAYEQUE,LAMBAYEQUE,FERREÑAFE,FERREÑAFE,19,PENDIENTE
034671,LAMBAYEQUE,LAMBAYEQUE,FERREÑAFE,FERREÑAFE,19,PENDIENTE
034672,LAMBAYEQUE,LAMBAYEQUE,FERREÑAFE,FERREÑAFE,19,PENDIENTE
034673,LAMBAYEQUE,LAMBAYEQUE,FERREÑAFE,FERREÑAFE,19,PENDIENTE
034674,LAMBAYEQUE,LAMBAYEQUE,FERREÑAFE,FERREÑAFE,20,PENDIENTE
034675,LAMBAYEQUE,LAMBAYEQUE,FERREÑAFE,FERREÑAFE,20,PENDIENTE
034676,LAMBAYEQUE,LAMBAYEQUE,FERREÑAFE,FERREÑAFE,20,PENDIENTE
034677,LAMBAYEQUE,LAMBAYEQUE,FERREÑAFE,FERREÑAFE,20,PENDIENTE
034678,LAMBAYEQUE,LAMBAYEQUE,FERREÑAFE,FERREÑAFE,20,PENDIENTE
034679,LAMBAYEQUE,LAMBAYEQUE,FERREÑAFE,FERREÑAFE,20,PENDIENTE
034680,LAMBAYEQUE,LAMBAYEQUE,FERREÑAFE,FERREÑAFE,21,PENDIENTE
034681,LAMBAYEQUE,LAMBAYEQUE,FERREÑAFE,FERREÑAFE,21,PENDIENTE
034682,LAMBAYEQUE,LAMBAYEQUE,FERREÑAFE,FERREÑAFE,21,PENDIENTE
034683,LAMBAYEQUE,LAMBAYEQUE,FERREÑAFE,FERREÑAFE,21,PENDIENTE
034684,LAMBAYEQUE,LAMBAYEQUE,FERREÑAFE,FERREÑAFE,21,PENDIENTE
034685,LAMBAYEQUE,LAMBAYEQUE,FERREÑAFE,FERREÑAFE,22,PENDIENTE
034686,LAMBAYEQUE,LAMBAYEQUE,FERREÑAFE,FERREÑAFE,22,PENDIENTE
034687,LAMBAYEQUE,LAMBAYEQUE,FERREÑAFE,FERREÑAFE,22,PENDIENTE
034688,LAMBAYEQUE,LAMBAYEQUE,FERREÑAFE,FERREÑAFE,22,PENDIENTE
034689,LAMBAYEQUE,LAMBAYEQUE,FERREÑAFE,FERREÑAFE,22,PENDIENTE
034690,LAMBAYEQUE,LAMBAYEQUE,FERREÑAFE,FERREÑAFE,22,PENDIENTE
034691,LAMBAYEQUE,LAMBAYEQUE,FERREÑAFE,FERREÑAFE,23,PENDIENTE
034692,LAMBAYEQUE,LAMBAYEQUE,FERREÑAFE,FERREÑAFE,23,PENDIENTE
034693,LAMBAYEQUE,LAMBAYEQUE,FERREÑAFE,FERREÑAFE,23,PENDIENTE
034694,LAMBAYEQUE,LAMBAYEQUE,FERREÑAFE,FERREÑAFE,23,PENDIENTE
034695,LAMBAYEQUE,LAMBAYEQUE,FERREÑAFE,FERREÑAFE,23,PENDIENTE
034696,LAMBAYEQUE,LAMBAYEQUE,FERREÑAFE,FERREÑAFE,23,PENDIENTE
034697,LAMBAYEQUE,LAMBAYEQUE,FERREÑAFE,FERREÑAFE,24,PENDIENTE
034698,LAMBAYEQUE,LAMBAYEQUE,FERREÑAFE,FERREÑAFE,24,PENDIENTE
034699,LAMBAYEQUE,LAMBAYEQUE,FERREÑAFE,FERREÑAFE,24,PENDIENTE
034700,LAMBAYEQUE,LAMBAYEQUE,FERREÑAFE,FERREÑAFE,24,PENDIENTE
034701,LAMBAYEQUE,LAMBAYEQUE,FERREÑAFE,FERREÑAFE,24,PENDIENTE
034702,LAMBAYEQUE,LAMBAYEQUE,FERREÑAFE,FERREÑAFE,25,PENDIENTE
034703,LAMBAYEQUE,LAMBAYEQUE,FERREÑAFE,FERREÑAFE,25,PENDIENTE
034704,LAMBAYEQUE,LAMBAYEQUE,FERREÑAFE,FERREÑAFE,25,PENDIENTE
034705,LAMBAYEQUE,LAMBAYEQUE,FERREÑAFE,FERREÑAFE,25,PENDIENTE
034706,LAMBAYEQUE,LAMBAYEQUE,FERREÑAFE,FERREÑAFE,25,PENDIENTE
034707,LAMBAYEQUE,LAMBAYEQUE,FERREÑAFE,FERREÑAFE,25,PENDIENTE
034708,LAMBAYEQUE,LAMBAYEQUE,FERREÑAFE,FERREÑAFE,26,PENDIENTE
034709,LAMBAYEQUE,LAMBAYEQUE,FERREÑAFE,FERREÑAFE,26,PENDIENTE
034710,LAMBAYEQUE,LAMBAYEQUE,FERREÑAFE,FERREÑAFE,26,PENDIENTE
034711,LAMBAYEQUE,LAMBAYEQUE,FERREÑAFE,FERREÑAFE,26,PENDIENTE
034712,LAMBAYEQUE,LAMBAYEQUE,FERREÑAFE,INCAHUASI,27,PENDIENTE
034713,LAMBAYEQUE,LAMBAYEQUE,FERREÑAFE,INCAHUASI,27,PENDIENTE
034714,LAMBAYEQUE,LAMBAYEQUE,FERREÑAFE,INCAHUASI,27,PENDIENTE
034715,LAMBAYEQUE,LAMBAYEQUE,FERREÑAFE,INCAHUASI,27,PENDIENTE
034716,LAMBAYEQUE,LAMBAYEQUE,FERREÑAFE,INCAHUASI,27,PENDIENTE
034717,LAMBAYEQUE,LAMBAYEQUE,FERREÑAFE,INCAHUASI,27,PENDIENTE
034718,LAMBAYEQUE,LAMBAYEQUE,FERREÑAFE,INCAHUASI,28,PENDIENTE
034719,LAMBAYEQUE,LAMBAYEQUE,FERREÑAFE,INCAHUASI,28,PENDIENTE
034720,LAMBAYEQUE,LAMBAYEQUE,FERREÑAFE,INCAHUASI,28,PENDIENTE
034721,LAMBAYEQUE,LAMBAYEQUE,FERREÑAFE,INCAHUASI,28,PENDIENTE
034722,LAMBAYEQUE,LAMBAYEQUE,FERREÑAFE,INCAHUASI,28,PENDIENTE
034723,LAMBAYEQUE,LAMBAYEQUE,FERREÑAFE,INCAHUASI,28,PENDIENTE
034724,LAMBAYEQUE,LAMBAYEQUE,FERREÑAFE,INCAHUASI,29,PENDIENTE
034725,LAMBAYEQUE,LAMBAYEQUE,FERREÑAFE,INCAHUASI,29,PENDIENTE
034726,LAMBAYEQUE,LAMBAYEQUE,FERREÑAFE,INCAHUASI,29,PENDIENTE
034727,LAMBAYEQUE,LAMBAYEQUE,FERREÑAFE,INCAHUASI,29,PENDIENTE
034728,LAMBAYEQUE,LAMBAYEQUE,FERREÑAFE,INCAHUASI,29,PENDIENTE
034729,LAMBAYEQUE,LAMBAYEQUE,FERREÑAFE,INCAHUASI,29,PENDIENTE
034730,LAMBAYEQUE,LAMBAYEQUE,FERREÑAFE,INCAHUASI,30,PENDIENTE
034731,LAMBAYEQUE,LAMBAYEQUE,FERREÑAFE,INCAHUASI,30,PENDIENTE
034732,LAMBAYEQUE,LAMBAYEQUE,FERREÑAFE,INCAHUASI,30,PENDIENTE
034733,LAMBAYEQUE,LAMBAYEQUE,FERREÑAFE,INCAHUASI,30,PENDIENTE
034734,LAMBAYEQUE,LAMBAYEQUE,FERREÑAFE,INCAHUASI,30,PENDIENTE
034735,LAMBAYEQUE,LAMBAYEQUE,FERREÑAFE,INCAHUASI,30,PENDIENTE
034736,LAMBAYEQUE,LAMBAYEQUE,FERREÑAFE,INCAHUASI,31,PENDIENTE
034737,LAMBAYEQUE,LAMBAYEQUE,FERREÑAFE,INCAHUASI,31,PENDIENTE
034738,LAMBAYEQUE,LAMBAYEQUE,FERREÑAFE,INCAHUASI,31,PENDIENTE
034739,LAMBAYEQUE,LAMBAYEQUE,FERREÑAFE,INCAHUASI,31,PENDIENTE
903023,LAMBAYEQUE,LAMBAYEQUE,FERREÑAFE,INCAHUASI,31,PENDIENTE
903024,LAMBAYEQUE,LAMBAYEQUE,FERREÑAFE,INCAHUASI,31,PENDIENTE
903025,LAMBAYEQUE,LAMBAYEQUE,FERREÑAFE,INCAHUASI,32,PENDIENTE
903026,LAMBAYEQUE,LAMBAYEQUE,FERREÑAFE,INCAHUASI,32,PENDIENTE
903027,LAMBAYEQUE,LAMBAYEQUE,FERREÑAFE,INCAHUASI,32,PENDIENTE
903028,LAMBAYEQUE,LAMBAYEQUE,FERREÑAFE,INCAHUASI,32,PENDIENTE
903029,LAMBAYEQUE,LAMBAYEQUE,FERREÑAFE,INCAHUASI,32,PENDIENTE
903030,LAMBAYEQUE,LAMBAYEQUE,FERREÑAFE,INCAHUASI,32,PENDIENTE
903031,LAMBAYEQUE,LAMBAYEQUE,FERREÑAFE,INCAHUASI,33,PENDIENTE
903032,LAMBAYEQUE,LAMBAYEQUE,FERREÑAFE,INCAHUASI,33,PENDIENTE
903033,LAMBAYEQUE,LAMBAYEQUE,FERREÑAFE,INCAHUASI,33,PENDIENTE
903034,LAMBAYEQUE,LAMBAYEQUE,FERREÑAFE,INCAHUASI,33,PENDIENTE
903035,LAMBAYEQUE,LAMBAYEQUE,FERREÑAFE,INCAHUASI,33,PENDIENTE
903036,LAMBAYEQUE,LAMBAYEQUE,FERREÑAFE,INCAHUASI,33,PENDIENTE
903037,LAMBAYEQUE,LAMBAYEQUE,FERREÑAFE,INCAHUASI,34,PENDIENTE
903038,LAMBAYEQUE,LAMBAYEQUE,FERREÑAFE,INCAHUASI,34,PENDIENTE
903039,LAMBAYEQUE,LAMBAYEQUE,FERREÑAFE,INCAHUASI,34,PENDIENTE
903040,LAMBAYEQUE,LAMBAYEQUE,FERREÑAFE,INCAHUASI,34,PENDIENTE
903041,LAMBAYEQUE,LAMBAYEQUE,FERREÑAFE,INCAHUASI,34,PENDIENTE
034851,LAMBAYEQUE,LAMBAYEQUE,FERREÑAFE,MANUEL ANTONIO MESONES MURO,35,PENDIENTE
034852,LAMBAYEQUE,LAMBAYEQUE,FERREÑAFE,MANUEL ANTONIO MESONES MURO,35,PENDIENTE
034853,LAMBAYEQUE,LAMBAYEQUE,FERREÑAFE,MANUEL ANTONIO MESONES MURO,35,PENDIENTE
034854,LAMBAYEQUE,LAMBAYEQUE,FERREÑAFE,MANUEL ANTONIO MESONES MURO,35,PENDIENTE
034855,LAMBAYEQUE,LAMBAYEQUE,FERREÑAFE,MANUEL ANTONIO MESONES MURO,35,PENDIENTE
034856,LAMBAYEQUE,LAMBAYEQUE,FERREÑAFE,MANUEL ANTONIO MESONES MURO,35,PENDIENTE
034857,LAMBAYEQUE,LAMBAYEQUE,FERREÑAFE,MANUEL ANTONIO MESONES MURO,36,PENDIENTE
034858,LAMBAYEQUE,LAMBAYEQUE,FERREÑAFE,MANUEL ANTONIO MESONES MURO,36,PENDIENTE
034859,LAMBAYEQUE,LAMBAYEQUE,FERREÑAFE,MANUEL ANTONIO MESONES MURO,36,PENDIENTE
034860,LAMBAYEQUE,LAMBAYEQUE,FERREÑAFE,MANUEL ANTONIO MESONES MURO,36,PENDIENTE
034861,LAMBAYEQUE,LAMBAYEQUE,FERREÑAFE,MANUEL ANTONIO MESONES MURO,36,PENDIENTE
034862,LAMBAYEQUE,LAMBAYEQUE,FERREÑAFE,MANUEL ANTONIO MESONES MURO,36,PENDIENTE
034863,LAMBAYEQUE,LAMBAYEQUE,FERREÑAFE,MANUEL ANTONIO MESONES MURO,37,PENDIENTE
034754,LAMBAYEQUE,LAMBAYEQUE,FERREÑAFE,PITIPO,38,PENDIENTE
034755,LAMBAYEQUE,LAMBAYEQUE,FERREÑAFE,PITIPO,38,PENDIENTE
034756,LAMBAYEQUE,LAMBAYEQUE,FERREÑAFE,PITIPO,38,PENDIENTE
034757,LAMBAYEQUE,LAMBAYEQUE,FERREÑAFE,PITIPO,38,PENDIENTE
034758,LAMBAYEQUE,LAMBAYEQUE,FERREÑAFE,PITIPO,38,PENDIENTE
034759,LAMBAYEQUE,LAMBAYEQUE,FERREÑAFE,PITIPO,38,PENDIENTE
034760,LAMBAYEQUE,LAMBAYEQUE,FERREÑAFE,PITIPO,39,PENDIENTE
034761,LAMBAYEQUE,LAMBAYEQUE,FERREÑAFE,PITIPO,39,PENDIENTE
034762,LAMBAYEQUE,LAMBAYEQUE,FERREÑAFE,PITIPO,39,PENDIENTE
034763,LAMBAYEQUE,LAMBAYEQUE,FERREÑAFE,PITIPO,39,PENDIENTE
034764,LAMBAYEQUE,LAMBAYEQUE,FERREÑAFE,PITIPO,39,PENDIENTE
034765,LAMBAYEQUE,LAMBAYEQUE,FERREÑAFE,PITIPO,39,PENDIENTE
034766,LAMBAYEQUE,LAMBAYEQUE,FERREÑAFE,PITIPO,40,PENDIENTE
034767,LAMBAYEQUE,LAMBAYEQUE,FERREÑAFE,PITIPO,40,PENDIENTE
034768,LAMBAYEQUE,LAMBAYEQUE,FERREÑAFE,PITIPO,40,PENDIENTE
034769,LAMBAYEQUE,LAMBAYEQUE,FERREÑAFE,PITIPO,40,PENDIENTE
034770,LAMBAYEQUE,LAMBAYEQUE,FERREÑAFE,PITIPO,40,PENDIENTE
034771,LAMBAYEQUE,LAMBAYEQUE,FERREÑAFE,PITIPO,40,PENDIENTE
034772,LAMBAYEQUE,LAMBAYEQUE,FERREÑAFE,PITIPO,41,PENDIENTE
034773,LAMBAYEQUE,LAMBAYEQUE,FERREÑAFE,PITIPO,41,PENDIENTE
034774,LAMBAYEQUE,LAMBAYEQUE,FERREÑAFE,PITIPO,41,PENDIENTE
034775,LAMBAYEQUE,LAMBAYEQUE,FERREÑAFE,PITIPO,41,PENDIENTE
034776,LAMBAYEQUE,LAMBAYEQUE,FERREÑAFE,PITIPO,41,PENDIENTE
034777,LAMBAYEQUE,LAMBAYEQUE,FERREÑAFE,PITIPO,42,PENDIENTE
034778,LAMBAYEQUE,LAMBAYEQUE,FERREÑAFE,PITIPO,42,PENDIENTE
034779,LAMBAYEQUE,LAMBAYEQUE,FERREÑAFE,PITIPO,42,PENDIENTE
034780,LAMBAYEQUE,LAMBAYEQUE,FERREÑAFE,PITIPO,42,PENDIENTE
034781,LAMBAYEQUE,LAMBAYEQUE,FERREÑAFE,PITIPO,42,PENDIENTE
034782,LAMBAYEQUE,LAMBAYEQUE,FERREÑAFE,PITIPO,42,PENDIENTE
034783,LAMBAYEQUE,LAMBAYEQUE,FERREÑAFE,PITIPO,43,PENDIENTE
034784,LAMBAYEQUE,LAMBAYEQUE,FERREÑAFE,PITIPO,43,PENDIENTE
034785,LAMBAYEQUE,LAMBAYEQUE,FERREÑAFE,PITIPO,43,PENDIENTE
034786,LAMBAYEQUE,LAMBAYEQUE,FERREÑAFE,PITIPO,43,PENDIENTE
034787,LAMBAYEQUE,LAMBAYEQUE,FERREÑAFE,PITIPO,43,PENDIENTE
034788,LAMBAYEQUE,LAMBAYEQUE,FERREÑAFE,PITIPO,43,PENDIENTE
034789,LAMBAYEQUE,LAMBAYEQUE,FERREÑAFE,PITIPO,44,PENDIENTE
034790,LAMBAYEQUE,LAMBAYEQUE,FERREÑAFE,PITIPO,44,PENDIENTE
034791,LAMBAYEQUE,LAMBAYEQUE,FERREÑAFE,PITIPO,44,PENDIENTE
034792,LAMBAYEQUE,LAMBAYEQUE,FERREÑAFE,PITIPO,44,PENDIENTE
034793,LAMBAYEQUE,LAMBAYEQUE,FERREÑAFE,PITIPO,44,PENDIENTE
034794,LAMBAYEQUE,LAMBAYEQUE,FERREÑAFE,PITIPO,44,PENDIENTE
034795,LAMBAYEQUE,LAMBAYEQUE,FERREÑAFE,PITIPO,45,PENDIENTE
034796,LAMBAYEQUE,LAMBAYEQUE,FERREÑAFE,PITIPO,45,PENDIENTE
034797,LAMBAYEQUE,LAMBAYEQUE,FERREÑAFE,PITIPO,45,PENDIENTE
034798,LAMBAYEQUE,LAMBAYEQUE,FERREÑAFE,PITIPO,45,PENDIENTE
034799,LAMBAYEQUE,LAMBAYEQUE,FERREÑAFE,PITIPO,45,PENDIENTE
034800,LAMBAYEQUE,LAMBAYEQUE,FERREÑAFE,PITIPO,45,PENDIENTE
034801,LAMBAYEQUE,LAMBAYEQUE,FERREÑAFE,PITIPO,46,PENDIENTE
034802,LAMBAYEQUE,LAMBAYEQUE,FERREÑAFE,PITIPO,46,PENDIENTE
034803,LAMBAYEQUE,LAMBAYEQUE,FERREÑAFE,PITIPO,46,PENDIENTE
034804,LAMBAYEQUE,LAMBAYEQUE,FERREÑAFE,PITIPO,46,PENDIENTE
034805,LAMBAYEQUE,LAMBAYEQUE,FERREÑAFE,PITIPO,46,PENDIENTE
034806,LAMBAYEQUE,LAMBAYEQUE,FERREÑAFE,PITIPO,47,PENDIENTE
034807,LAMBAYEQUE,LAMBAYEQUE,FERREÑAFE,PITIPO,47,PENDIENTE
034808,LAMBAYEQUE,LAMBAYEQUE,FERREÑAFE,PITIPO,47,PENDIENTE
034809,LAMBAYEQUE,LAMBAYEQUE,FERREÑAFE,PITIPO,47,PENDIENTE
034810,LAMBAYEQUE,LAMBAYEQUE,FERREÑAFE,PITIPO,47,PENDIENTE
903074,LAMBAYEQUE,LAMBAYEQUE,FERREÑAFE,PITIPO,48,PENDIENTE
903075,LAMBAYEQUE,LAMBAYEQUE,FERREÑAFE,PITIPO,48,PENDIENTE
903076,LAMBAYEQUE,LAMBAYEQUE,FERREÑAFE,PITIPO,48,PENDIENTE
034811,LAMBAYEQUE,LAMBAYEQUE,FERREÑAFE,PUEBLO NUEVO,49,PENDIENTE
034812,LAMBAYEQUE,LAMBAYEQUE,FERREÑAFE,PUEBLO NUEVO,49,PENDIENTE
034813,LAMBAYEQUE,LAMBAYEQUE,FERREÑAFE,PUEBLO NUEVO,49,PENDIENTE
034814,LAMBAYEQUE,LAMBAYEQUE,FERREÑAFE,PUEBLO NUEVO,49,PENDIENTE
034815,LAMBAYEQUE,LAMBAYEQUE,FERREÑAFE,PUEBLO NUEVO,49,PENDIENTE
034816,LAMBAYEQUE,LAMBAYEQUE,FERREÑAFE,PUEBLO NUEVO,50,PENDIENTE
034817,LAMBAYEQUE,LAMBAYEQUE,FERREÑAFE,PUEBLO NUEVO,50,PENDIENTE
034818,LAMBAYEQUE,LAMBAYEQUE,FERREÑAFE,PUEBLO NUEVO,50,PENDIENTE
034819,LAMBAYEQUE,LAMBAYEQUE,FERREÑAFE,PUEBLO NUEVO,50,PENDIENTE
034820,LAMBAYEQUE,LAMBAYEQUE,FERREÑAFE,PUEBLO NUEVO,50,PENDIENTE
034821,LAMBAYEQUE,LAMBAYEQUE,FERREÑAFE,PUEBLO NUEVO,50,PENDIENTE
034822,LAMBAYEQUE,LAMBAYEQUE,FERREÑAFE,PUEBLO NUEVO,51,PENDIENTE
034823,LAMBAYEQUE,LAMBAYEQUE,FERREÑAFE,PUEBLO NUEVO,51,PENDIENTE
034824,LAMBAYEQUE,LAMBAYEQUE,FERREÑAFE,PUEBLO NUEVO,51,PENDIENTE
034825,LAMBAYEQUE,LAMBAYEQUE,FERREÑAFE,PUEBLO NUEVO,51,PENDIENTE
034826,LAMBAYEQUE,LAMBAYEQUE,FERREÑAFE,PUEBLO NUEVO,51,PENDIENTE
034827,LAMBAYEQUE,LAMBAYEQUE,FERREÑAFE,PUEBLO NUEVO,51,PENDIENTE
034828,LAMBAYEQUE,LAMBAYEQUE,FERREÑAFE,PUEBLO NUEVO,52,PENDIENTE
034829,LAMBAYEQUE,LAMBAYEQUE,FERREÑAFE,PUEBLO NUEVO,52,PENDIENTE
034830,LAMBAYEQUE,LAMBAYEQUE,FERREÑAFE,PUEBLO NUEVO,52,PENDIENTE
034831,LAMBAYEQUE,LAMBAYEQUE,FERREÑAFE,PUEBLO NUEVO,52,PENDIENTE
034832,LAMBAYEQUE,LAMBAYEQUE,FERREÑAFE,PUEBLO NUEVO,52,PENDIENTE
034833,LAMBAYEQUE,LAMBAYEQUE,FERREÑAFE,PUEBLO NUEVO,52,PENDIENTE
034834,LAMBAYEQUE,LAMBAYEQUE,FERREÑAFE,PUEBLO NUEVO,53,PENDIENTE
034835,LAMBAYEQUE,LAMBAYEQUE,FERREÑAFE,PUEBLO NUEVO,53,PENDIENTE
034836,LAMBAYEQUE,LAMBAYEQUE,FERREÑAFE,PUEBLO NUEVO,53,PENDIENTE
034837,LAMBAYEQUE,LAMBAYEQUE,FERREÑAFE,PUEBLO NUEVO,53,PENDIENTE
034838,LAMBAYEQUE,LAMBAYEQUE,FERREÑAFE,PUEBLO NUEVO,53,PENDIENTE
034839,LAMBAYEQUE,LAMBAYEQUE,FERREÑAFE,PUEBLO NUEVO,53,PENDIENTE
034840,LAMBAYEQUE,LAMBAYEQUE,FERREÑAFE,PUEBLO NUEVO,54,PENDIENTE
034841,LAMBAYEQUE,LAMBAYEQUE,FERREÑAFE,PUEBLO NUEVO,54,PENDIENTE
034842,LAMBAYEQUE,LAMBAYEQUE,FERREÑAFE,PUEBLO NUEVO,54,PENDIENTE
034843,LAMBAYEQUE,LAMBAYEQUE,FERREÑAFE,PUEBLO NUEVO,54,PENDIENTE
034844,LAMBAYEQUE,LAMBAYEQUE,FERREÑAFE,PUEBLO NUEVO,55,PENDIENTE
034845,LAMBAYEQUE,LAMBAYEQUE,FERREÑAFE,PUEBLO NUEVO,55,PENDIENTE
034846,LAMBAYEQUE,LAMBAYEQUE,FERREÑAFE,PUEBLO NUEVO,55,PENDIENTE
034847,LAMBAYEQUE,LAMBAYEQUE,FERREÑAFE,PUEBLO NUEVO,55,PENDIENTE
034848,LAMBAYEQUE,LAMBAYEQUE,FERREÑAFE,PUEBLO NUEVO,55,PENDIENTE
034849,LAMBAYEQUE,LAMBAYEQUE,FERREÑAFE,PUEBLO NUEVO,55,PENDIENTE
034850,LAMBAYEQUE,LAMBAYEQUE,FERREÑAFE,PUEBLO NUEVO,56,PENDIENTE
035065,LAMBAYEQUE,LAMBAYEQUE,LAMBAYEQUE,CHOCHOPE,57,PENDIENTE
035066,LAMBAYEQUE,LAMBAYEQUE,LAMBAYEQUE,CHOCHOPE,57,PENDIENTE
035067,LAMBAYEQUE,LAMBAYEQUE,LAMBAYEQUE,CHOCHOPE,57,PENDIENTE
035068,LAMBAYEQUE,LAMBAYEQUE,LAMBAYEQUE,CHOCHOPE,57,PENDIENTE
035069,LAMBAYEQUE,LAMBAYEQUE,LAMBAYEQUE,CHOCHOPE,57,PENDIENTE
035070,LAMBAYEQUE,LAMBAYEQUE,LAMBAYEQUE,CHOCHOPE,57,PENDIENTE
035071,LAMBAYEQUE,LAMBAYEQUE,LAMBAYEQUE,ILLIMO,58,PENDIENTE
035072,LAMBAYEQUE,LAMBAYEQUE,LAMBAYEQUE,ILLIMO,58,PENDIENTE
035073,LAMBAYEQUE,LAMBAYEQUE,LAMBAYEQUE,ILLIMO,58,PENDIENTE
035074,LAMBAYEQUE,LAMBAYEQUE,LAMBAYEQUE,ILLIMO,58,PENDIENTE
035075,LAMBAYEQUE,LAMBAYEQUE,LAMBAYEQUE,ILLIMO,58,PENDIENTE
035076,LAMBAYEQUE,LAMBAYEQUE,LAMBAYEQUE,ILLIMO,58,PENDIENTE
035077,LAMBAYEQUE,LAMBAYEQUE,LAMBAYEQUE,ILLIMO,59,PENDIENTE
035078,LAMBAYEQUE,LAMBAYEQUE,LAMBAYEQUE,ILLIMO,59,PENDIENTE
035079,LAMBAYEQUE,LAMBAYEQUE,LAMBAYEQUE,ILLIMO,59,PENDIENTE
035080,LAMBAYEQUE,LAMBAYEQUE,LAMBAYEQUE,ILLIMO,59,PENDIENTE
035081,LAMBAYEQUE,LAMBAYEQUE,LAMBAYEQUE,ILLIMO,59,PENDIENTE
035082,LAMBAYEQUE,LAMBAYEQUE,LAMBAYEQUE,ILLIMO,59,PENDIENTE
035083,LAMBAYEQUE,LAMBAYEQUE,LAMBAYEQUE,ILLIMO,60,PENDIENTE
035084,LAMBAYEQUE,LAMBAYEQUE,LAMBAYEQUE,ILLIMO,60,PENDIENTE
035085,LAMBAYEQUE,LAMBAYEQUE,LAMBAYEQUE,ILLIMO,60,PENDIENTE
035086,LAMBAYEQUE,LAMBAYEQUE,LAMBAYEQUE,ILLIMO,60,PENDIENTE
035087,LAMBAYEQUE,LAMBAYEQUE,LAMBAYEQUE,ILLIMO,60,PENDIENTE
035088,LAMBAYEQUE,LAMBAYEQUE,LAMBAYEQUE,ILLIMO,60,PENDIENTE
035089,LAMBAYEQUE,LAMBAYEQUE,LAMBAYEQUE,ILLIMO,61,PENDIENTE
035090,LAMBAYEQUE,LAMBAYEQUE,LAMBAYEQUE,ILLIMO,61,PENDIENTE
035091,LAMBAYEQUE,LAMBAYEQUE,LAMBAYEQUE,ILLIMO,61,PENDIENTE
035092,LAMBAYEQUE,LAMBAYEQUE,LAMBAYEQUE,ILLIMO,61,PENDIENTE
035093,LAMBAYEQUE,LAMBAYEQUE,LAMBAYEQUE,ILLIMO,61,PENDIENTE
035094,LAMBAYEQUE,LAMBAYEQUE,LAMBAYEQUE,ILLIMO,61,PENDIENTE
035095,LAMBAYEQUE,LAMBAYEQUE,LAMBAYEQUE,ILLIMO,62,PENDIENTE
035096,LAMBAYEQUE,LAMBAYEQUE,LAMBAYEQUE,ILLIMO,62,PENDIENTE
035097,LAMBAYEQUE,LAMBAYEQUE,LAMBAYEQUE,ILLIMO,62,PENDIENTE
035098,LAMBAYEQUE,LAMBAYEQUE,LAMBAYEQUE,ILLIMO,62,PENDIENTE
035099,LAMBAYEQUE,LAMBAYEQUE,LAMBAYEQUE,ILLIMO,62,PENDIENTE
035100,LAMBAYEQUE,LAMBAYEQUE,LAMBAYEQUE,JAYANCA,63,PENDIENTE
035101,LAMBAYEQUE,LAMBAYEQUE,LAMBAYEQUE,JAYANCA,63,PENDIENTE
035102,LAMBAYEQUE,LAMBAYEQUE,LAMBAYEQUE,JAYANCA,63,PENDIENTE
035103,LAMBAYEQUE,LAMBAYEQUE,LAMBAYEQUE,JAYANCA,63,PENDIENTE
035104,LAMBAYEQUE,LAMBAYEQUE,LAMBAYEQUE,JAYANCA,63,PENDIENTE
035105,LAMBAYEQUE,LAMBAYEQUE,LAMBAYEQUE,JAYANCA,63,PENDIENTE
035106,LAMBAYEQUE,LAMBAYEQUE,LAMBAYEQUE,JAYANCA,64,PENDIENTE
035107,LAMBAYEQUE,LAMBAYEQUE,LAMBAYEQUE,JAYANCA,64,PENDIENTE
035108,LAMBAYEQUE,LAMBAYEQUE,LAMBAYEQUE,JAYANCA,64,PENDIENTE
035109,LAMBAYEQUE,LAMBAYEQUE,LAMBAYEQUE,JAYANCA,64,PENDIENTE
035110,LAMBAYEQUE,LAMBAYEQUE,LAMBAYEQUE,JAYANCA,64,PENDIENTE
035111,LAMBAYEQUE,LAMBAYEQUE,LAMBAYEQUE,JAYANCA,64,PENDIENTE
035112,LAMBAYEQUE,LAMBAYEQUE,LAMBAYEQUE,JAYANCA,65,PENDIENTE
035113,LAMBAYEQUE,LAMBAYEQUE,LAMBAYEQUE,JAYANCA,65,PENDIENTE
035114,LAMBAYEQUE,LAMBAYEQUE,LAMBAYEQUE,JAYANCA,65,PENDIENTE
035115,LAMBAYEQUE,LAMBAYEQUE,LAMBAYEQUE,JAYANCA,65,PENDIENTE
035116,LAMBAYEQUE,LAMBAYEQUE,LAMBAYEQUE,JAYANCA,65,PENDIENTE
035117,LAMBAYEQUE,LAMBAYEQUE,LAMBAYEQUE,JAYANCA,65,PENDIENTE
035118,LAMBAYEQUE,LAMBAYEQUE,LAMBAYEQUE,JAYANCA,66,PENDIENTE
035119,LAMBAYEQUE,LAMBAYEQUE,LAMBAYEQUE,JAYANCA,66,PENDIENTE
035120,LAMBAYEQUE,LAMBAYEQUE,LAMBAYEQUE,JAYANCA,66,PENDIENTE
035121,LAMBAYEQUE,LAMBAYEQUE,LAMBAYEQUE,JAYANCA,66,PENDIENTE
035122,LAMBAYEQUE,LAMBAYEQUE,LAMBAYEQUE,JAYANCA,66,PENDIENTE
035123,LAMBAYEQUE,LAMBAYEQUE,LAMBAYEQUE,JAYANCA,66,PENDIENTE
035124,LAMBAYEQUE,LAMBAYEQUE,LAMBAYEQUE,JAYANCA,67,PENDIENTE
035125,LAMBAYEQUE,LAMBAYEQUE,LAMBAYEQUE,JAYANCA,67,PENDIENTE
035126,LAMBAYEQUE,LAMBAYEQUE,LAMBAYEQUE,JAYANCA,67,PENDIENTE
035127,LAMBAYEQUE,LAMBAYEQUE,LAMBAYEQUE,JAYANCA,67,PENDIENTE
035128,LAMBAYEQUE,LAMBAYEQUE,LAMBAYEQUE,JAYANCA,67,PENDIENTE
035129,LAMBAYEQUE,LAMBAYEQUE,LAMBAYEQUE,JAYANCA,67,PENDIENTE
035130,LAMBAYEQUE,LAMBAYEQUE,LAMBAYEQUE,JAYANCA,68,PENDIENTE
035131,LAMBAYEQUE,LAMBAYEQUE,LAMBAYEQUE,JAYANCA,68,PENDIENTE
035132,LAMBAYEQUE,LAMBAYEQUE,LAMBAYEQUE,JAYANCA,68,PENDIENTE
035133,LAMBAYEQUE,LAMBAYEQUE,LAMBAYEQUE,JAYANCA,68,PENDIENTE
035134,LAMBAYEQUE,LAMBAYEQUE,LAMBAYEQUE,JAYANCA,68,PENDIENTE
035135,LAMBAYEQUE,LAMBAYEQUE,LAMBAYEQUE,JAYANCA,68,PENDIENTE
035136,LAMBAYEQUE,LAMBAYEQUE,LAMBAYEQUE,JAYANCA,69,PENDIENTE
035137,LAMBAYEQUE,LAMBAYEQUE,LAMBAYEQUE,JAYANCA,69,PENDIENTE
035138,LAMBAYEQUE,LAMBAYEQUE,LAMBAYEQUE,JAYANCA,69,PENDIENTE
035139,LAMBAYEQUE,LAMBAYEQUE,LAMBAYEQUE,JAYANCA,69,PENDIENTE
035140,LAMBAYEQUE,LAMBAYEQUE,LAMBAYEQUE,JAYANCA,69,PENDIENTE
035141,LAMBAYEQUE,LAMBAYEQUE,LAMBAYEQUE,JAYANCA,69,PENDIENTE
035142,LAMBAYEQUE,LAMBAYEQUE,LAMBAYEQUE,JAYANCA,70,PENDIENTE
035143,LAMBAYEQUE,LAMBAYEQUE,LAMBAYEQUE,JAYANCA,70,PENDIENTE
035144,LAMBAYEQUE,LAMBAYEQUE,LAMBAYEQUE,JAYANCA,70,PENDIENTE
035145,LAMBAYEQUE,LAMBAYEQUE,LAMBAYEQUE,JAYANCA,70,PENDIENTE
035146,LAMBAYEQUE,LAMBAYEQUE,LAMBAYEQUE,JAYANCA,70,PENDIENTE
035147,LAMBAYEQUE,LAMBAYEQUE,LAMBAYEQUE,JAYANCA,70,PENDIENTE
903081,LAMBAYEQUE,LAMBAYEQUE,LAMBAYEQUE,JAYANCA,71,PENDIENTE
903082,LAMBAYEQUE,LAMBAYEQUE,LAMBAYEQUE,JAYANCA,71,PENDIENTE
903083,LAMBAYEQUE,LAMBAYEQUE,LAMBAYEQUE,JAYANCA,71,PENDIENTE
903084,LAMBAYEQUE,LAMBAYEQUE,LAMBAYEQUE,JAYANCA,71,PENDIENTE
903085,LAMBAYEQUE,LAMBAYEQUE,LAMBAYEQUE,JAYANCA,71,PENDIENTE
903086,LAMBAYEQUE,LAMBAYEQUE,LAMBAYEQUE,JAYANCA,72,PENDIENTE
034864,LAMBAYEQUE,LAMBAYEQUE,LAMBAYEQUE,LAMBAYEQUE,73,PENDIENTE
034865,LAMBAYEQUE,LAMBAYEQUE,LAMBAYEQUE,LAMBAYEQUE,73,PENDIENTE
034866,LAMBAYEQUE,LAMBAYEQUE,LAMBAYEQUE,LAMBAYEQUE,73,PENDIENTE
034867,LAMBAYEQUE,LAMBAYEQUE,LAMBAYEQUE,LAMBAYEQUE,73,PENDIENTE
034868,LAMBAYEQUE,LAMBAYEQUE,LAMBAYEQUE,LAMBAYEQUE,73,PENDIENTE
034869,LAMBAYEQUE,LAMBAYEQUE,LAMBAYEQUE,LAMBAYEQUE,73,PENDIENTE
034870,LAMBAYEQUE,LAMBAYEQUE,LAMBAYEQUE,LAMBAYEQUE,74,PENDIENTE
034871,LAMBAYEQUE,LAMBAYEQUE,LAMBAYEQUE,LAMBAYEQUE,74,PENDIENTE
034872,LAMBAYEQUE,LAMBAYEQUE,LAMBAYEQUE,LAMBAYEQUE,74,PENDIENTE
034873,LAMBAYEQUE,LAMBAYEQUE,LAMBAYEQUE,LAMBAYEQUE,74,PENDIENTE
034874,LAMBAYEQUE,LAMBAYEQUE,LAMBAYEQUE,LAMBAYEQUE,74,PENDIENTE
034875,LAMBAYEQUE,LAMBAYEQUE,LAMBAYEQUE,LAMBAYEQUE,75,PENDIENTE
034876,LAMBAYEQUE,LAMBAYEQUE,LAMBAYEQUE,LAMBAYEQUE,75,PENDIENTE
034877,LAMBAYEQUE,LAMBAYEQUE,LAMBAYEQUE,LAMBAYEQUE,75,PENDIENTE
034878,LAMBAYEQUE,LAMBAYEQUE,LAMBAYEQUE,LAMBAYEQUE,75,PENDIENTE
034879,LAMBAYEQUE,LAMBAYEQUE,LAMBAYEQUE,LAMBAYEQUE,75,PENDIENTE
034880,LAMBAYEQUE,LAMBAYEQUE,LAMBAYEQUE,LAMBAYEQUE,76,PENDIENTE
034881,LAMBAYEQUE,LAMBAYEQUE,LAMBAYEQUE,LAMBAYEQUE,76,PENDIENTE
034882,LAMBAYEQUE,LAMBAYEQUE,LAMBAYEQUE,LAMBAYEQUE,76,PENDIENTE
034883,LAMBAYEQUE,LAMBAYEQUE,LAMBAYEQUE,LAMBAYEQUE,76,PENDIENTE
034884,LAMBAYEQUE,LAMBAYEQUE,LAMBAYEQUE,LAMBAYEQUE,76,PENDIENTE
034885,LAMBAYEQUE,LAMBAYEQUE,LAMBAYEQUE,LAMBAYEQUE,76,PENDIENTE
034886,LAMBAYEQUE,LAMBAYEQUE,LAMBAYEQUE,LAMBAYEQUE,77,PENDIENTE
034887,LAMBAYEQUE,LAMBAYEQUE,LAMBAYEQUE,LAMBAYEQUE,77,PENDIENTE
034888,LAMBAYEQUE,LAMBAYEQUE,LAMBAYEQUE,LAMBAYEQUE,77,PENDIENTE
034889,LAMBAYEQUE,LAMBAYEQUE,LAMBAYEQUE,LAMBAYEQUE,77,PENDIENTE
034890,LAMBAYEQUE,LAMBAYEQUE,LAMBAYEQUE,LAMBAYEQUE,77,PENDIENTE
034891,LAMBAYEQUE,LAMBAYEQUE,LAMBAYEQUE,LAMBAYEQUE,77,PENDIENTE
034892,LAMBAYEQUE,LAMBAYEQUE,LAMBAYEQUE,LAMBAYEQUE,78,PENDIENTE
034893,LAMBAYEQUE,LAMBAYEQUE,LAMBAYEQUE,LAMBAYEQUE,78,PENDIENTE
034894,LAMBAYEQUE,LAMBAYEQUE,LAMBAYEQUE,LAMBAYEQUE,78,PENDIENTE
034895,LAMBAYEQUE,LAMBAYEQUE,LAMBAYEQUE,LAMBAYEQUE,78,PENDIENTE
034896,LAMBAYEQUE,LAMBAYEQUE,LAMBAYEQUE,LAMBAYEQUE,78,PENDIENTE
034897,LAMBAYEQUE,LAMBAYEQUE,LAMBAYEQUE,LAMBAYEQUE,78,PENDIENTE
034898,LAMBAYEQUE,LAMBAYEQUE,LAMBAYEQUE,LAMBAYEQUE,79,PENDIENTE
034899,LAMBAYEQUE,LAMBAYEQUE,LAMBAYEQUE,LAMBAYEQUE,79,PENDIENTE
034900,LAMBAYEQUE,LAMBAYEQUE,LAMBAYEQUE,LAMBAYEQUE,79,PENDIENTE
034901,LAMBAYEQUE,LAMBAYEQUE,LAMBAYEQUE,LAMBAYEQUE,79,PENDIENTE
034902,LAMBAYEQUE,LAMBAYEQUE,LAMBAYEQUE,LAMBAYEQUE,80,PENDIENTE
034903,LAMBAYEQUE,LAMBAYEQUE,LAMBAYEQUE,LAMBAYEQUE,80,PENDIENTE
034904,LAMBAYEQUE,LAMBAYEQUE,LAMBAYEQUE,LAMBAYEQUE,80,PENDIENTE
034905,LAMBAYEQUE,LAMBAYEQUE,LAMBAYEQUE,LAMBAYEQUE,80,PENDIENTE
034906,LAMBAYEQUE,LAMBAYEQUE,LAMBAYEQUE,LAMBAYEQUE,80,PENDIENTE
034907,LAMBAYEQUE,LAMBAYEQUE,LAMBAYEQUE,LAMBAYEQUE,80,PENDIENTE
034908,LAMBAYEQUE,LAMBAYEQUE,LAMBAYEQUE,LAMBAYEQUE,81,PENDIENTE
034909,LAMBAYEQUE,LAMBAYEQUE,LAMBAYEQUE,LAMBAYEQUE,81,PENDIENTE
034910,LAMBAYEQUE,LAMBAYEQUE,LAMBAYEQUE,LAMBAYEQUE,81,PENDIENTE
034911,LAMBAYEQUE,LAMBAYEQUE,LAMBAYEQUE,LAMBAYEQUE,81,PENDIENTE
034912,LAMBAYEQUE,LAMBAYEQUE,LAMBAYEQUE,LAMBAYEQUE,81,PENDIENTE
034913,LAMBAYEQUE,LAMBAYEQUE,LAMBAYEQUE,LAMBAYEQUE,82,PENDIENTE
034914,LAMBAYEQUE,LAMBAYEQUE,LAMBAYEQUE,LAMBAYEQUE,82,PENDIENTE
034915,LAMBAYEQUE,LAMBAYEQUE,LAMBAYEQUE,LAMBAYEQUE,82,PENDIENTE
034916,LAMBAYEQUE,LAMBAYEQUE,LAMBAYEQUE,LAMBAYEQUE,82,PENDIENTE
034917,LAMBAYEQUE,LAMBAYEQUE,LAMBAYEQUE,LAMBAYEQUE,82,PENDIENTE
034918,LAMBAYEQUE,LAMBAYEQUE,LAMBAYEQUE,LAMBAYEQUE,83,PENDIENTE
034919,LAMBAYEQUE,LAMBAYEQUE,LAMBAYEQUE,LAMBAYEQUE,83,PENDIENTE
034920,LAMBAYEQUE,LAMBAYEQUE,LAMBAYEQUE,LAMBAYEQUE,83,PENDIENTE
034921,LAMBAYEQUE,LAMBAYEQUE,LAMBAYEQUE,LAMBAYEQUE,83,PENDIENTE
034922,LAMBAYEQUE,LAMBAYEQUE,LAMBAYEQUE,LAMBAYEQUE,83,PENDIENTE
034923,LAMBAYEQUE,LAMBAYEQUE,LAMBAYEQUE,LAMBAYEQUE,84,PENDIENTE
034924,LAMBAYEQUE,LAMBAYEQUE,LAMBAYEQUE,LAMBAYEQUE,84,PENDIENTE
034925,LAMBAYEQUE,LAMBAYEQUE,LAMBAYEQUE,LAMBAYEQUE,84,PENDIENTE
034926,LAMBAYEQUE,LAMBAYEQUE,LAMBAYEQUE,LAMBAYEQUE,84,PENDIENTE
034927,LAMBAYEQUE,LAMBAYEQUE,LAMBAYEQUE,LAMBAYEQUE,84,PENDIENTE
034928,LAMBAYEQUE,LAMBAYEQUE,LAMBAYEQUE,LAMBAYEQUE,84,PENDIENTE
034929,LAMBAYEQUE,LAMBAYEQUE,LAMBAYEQUE,LAMBAYEQUE,85,PENDIENTE
034930,LAMBAYEQUE,LAMBAYEQUE,LAMBAYEQUE,LAMBAYEQUE,85,PENDIENTE
034931,LAMBAYEQUE,LAMBAYEQUE,LAMBAYEQUE,LAMBAYEQUE,85,PENDIENTE
034932,LAMBAYEQUE,LAMBAYEQUE,LAMBAYEQUE,LAMBAYEQUE,85,PENDIENTE
034933,LAMBAYEQUE,LAMBAYEQUE,LAMBAYEQUE,LAMBAYEQUE,85,PENDIENTE
034934,LAMBAYEQUE,LAMBAYEQUE,LAMBAYEQUE,LAMBAYEQUE,86,PENDIENTE
034935,LAMBAYEQUE,LAMBAYEQUE,LAMBAYEQUE,LAMBAYEQUE,86,PENDIENTE
034936,LAMBAYEQUE,LAMBAYEQUE,LAMBAYEQUE,LAMBAYEQUE,86,PENDIENTE
034937,LAMBAYEQUE,LAMBAYEQUE,LAMBAYEQUE,LAMBAYEQUE,86,PENDIENTE
034938,LAMBAYEQUE,LAMBAYEQUE,LAMBAYEQUE,LAMBAYEQUE,86,PENDIENTE
034939,LAMBAYEQUE,LAMBAYEQUE,LAMBAYEQUE,LAMBAYEQUE,87,PENDIENTE
034940,LAMBAYEQUE,LAMBAYEQUE,LAMBAYEQUE,LAMBAYEQUE,87,PENDIENTE
034941,LAMBAYEQUE,LAMBAYEQUE,LAMBAYEQUE,LAMBAYEQUE,87,PENDIENTE
034942,LAMBAYEQUE,LAMBAYEQUE,LAMBAYEQUE,LAMBAYEQUE,87,PENDIENTE
034943,LAMBAYEQUE,LAMBAYEQUE,LAMBAYEQUE,LAMBAYEQUE,87,PENDIENTE
034944,LAMBAYEQUE,LAMBAYEQUE,LAMBAYEQUE,LAMBAYEQUE,87,PENDIENTE
034945,LAMBAYEQUE,LAMBAYEQUE,LAMBAYEQUE,LAMBAYEQUE,88,PENDIENTE
034946,LAMBAYEQUE,LAMBAYEQUE,LAMBAYEQUE,LAMBAYEQUE,88,PENDIENTE
034947,LAMBAYEQUE,LAMBAYEQUE,LAMBAYEQUE,LAMBAYEQUE,88,PENDIENTE
034948,LAMBAYEQUE,LAMBAYEQUE,LAMBAYEQUE,LAMBAYEQUE,88,PENDIENTE
034949,LAMBAYEQUE,LAMBAYEQUE,LAMBAYEQUE,LAMBAYEQUE,88,PENDIENTE
034950,LAMBAYEQUE,LAMBAYEQUE,LAMBAYEQUE,LAMBAYEQUE,89,PENDIENTE
034951,LAMBAYEQUE,LAMBAYEQUE,LAMBAYEQUE,LAMBAYEQUE,89,PENDIENTE
034952,LAMBAYEQUE,LAMBAYEQUE,LAMBAYEQUE,LAMBAYEQUE,89,PENDIENTE
034953,LAMBAYEQUE,LAMBAYEQUE,LAMBAYEQUE,LAMBAYEQUE,89,PENDIENTE
034954,LAMBAYEQUE,LAMBAYEQUE,LAMBAYEQUE,LAMBAYEQUE,89,PENDIENTE
034955,LAMBAYEQUE,LAMBAYEQUE,LAMBAYEQUE,LAMBAYEQUE,89,PENDIENTE
034956,LAMBAYEQUE,LAMBAYEQUE,LAMBAYEQUE,LAMBAYEQUE,90,PENDIENTE
034957,LAMBAYEQUE,LAMBAYEQUE,LAMBAYEQUE,LAMBAYEQUE,90,PENDIENTE
034958,LAMBAYEQUE,LAMBAYEQUE,LAMBAYEQUE,LAMBAYEQUE,90,PENDIENTE
034959,LAMBAYEQUE,LAMBAYEQUE,LAMBAYEQUE,LAMBAYEQUE,90,PENDIENTE
034960,LAMBAYEQUE,LAMBAYEQUE,LAMBAYEQUE,LAMBAYEQUE,90,PENDIENTE
034961,LAMBAYEQUE,LAMBAYEQUE,LAMBAYEQUE,LAMBAYEQUE,90,PENDIENTE
034962,LAMBAYEQUE,LAMBAYEQUE,LAMBAYEQUE,LAMBAYEQUE,91,PENDIENTE
034963,LAMBAYEQUE,LAMBAYEQUE,LAMBAYEQUE,LAMBAYEQUE,91,PENDIENTE
034964,LAMBAYEQUE,LAMBAYEQUE,LAMBAYEQUE,LAMBAYEQUE,91,PENDIENTE
034965,LAMBAYEQUE,LAMBAYEQUE,LAMBAYEQUE,LAMBAYEQUE,91,PENDIENTE
034966,LAMBAYEQUE,LAMBAYEQUE,LAMBAYEQUE,LAMBAYEQUE,91,PENDIENTE
034967,LAMBAYEQUE,LAMBAYEQUE,LAMBAYEQUE,LAMBAYEQUE,91,PENDIENTE
034968,LAMBAYEQUE,LAMBAYEQUE,LAMBAYEQUE,LAMBAYEQUE,92,PENDIENTE
034969,LAMBAYEQUE,LAMBAYEQUE,LAMBAYEQUE,LAMBAYEQUE,92,PENDIENTE
034970,LAMBAYEQUE,LAMBAYEQUE,LAMBAYEQUE,LAMBAYEQUE,92,PENDIENTE
034971,LAMBAYEQUE,LAMBAYEQUE,LAMBAYEQUE,LAMBAYEQUE,92,PENDIENTE
034972,LAMBAYEQUE,LAMBAYEQUE,LAMBAYEQUE,LAMBAYEQUE,92,PENDIENTE
034973,LAMBAYEQUE,LAMBAYEQUE,LAMBAYEQUE,LAMBAYEQUE,92,PENDIENTE
034974,LAMBAYEQUE,LAMBAYEQUE,LAMBAYEQUE,LAMBAYEQUE,93,PENDIENTE
034975,LAMBAYEQUE,LAMBAYEQUE,LAMBAYEQUE,LAMBAYEQUE,93,PENDIENTE
034976,LAMBAYEQUE,LAMBAYEQUE,LAMBAYEQUE,LAMBAYEQUE,93,PENDIENTE
034977,LAMBAYEQUE,LAMBAYEQUE,LAMBAYEQUE,LAMBAYEQUE,93,PENDIENTE
034978,LAMBAYEQUE,LAMBAYEQUE,LAMBAYEQUE,LAMBAYEQUE,93,PENDIENTE
034979,LAMBAYEQUE,LAMBAYEQUE,LAMBAYEQUE,LAMBAYEQUE,93,PENDIENTE
034980,LAMBAYEQUE,LAMBAYEQUE,LAMBAYEQUE,LAMBAYEQUE,94,PENDIENTE
034981,LAMBAYEQUE,LAMBAYEQUE,LAMBAYEQUE,LAMBAYEQUE,94,PENDIENTE
034982,LAMBAYEQUE,LAMBAYEQUE,LAMBAYEQUE,LAMBAYEQUE,94,PENDIENTE
034983,LAMBAYEQUE,LAMBAYEQUE,LAMBAYEQUE,LAMBAYEQUE,94,PENDIENTE
034984,LAMBAYEQUE,LAMBAYEQUE,LAMBAYEQUE,LAMBAYEQUE,94,PENDIENTE
034985,LAMBAYEQUE,LAMBAYEQUE,LAMBAYEQUE,LAMBAYEQUE,94,PENDIENTE
034986,LAMBAYEQUE,LAMBAYEQUE,LAMBAYEQUE,LAMBAYEQUE,95,PENDIENTE
034987,LAMBAYEQUE,LAMBAYEQUE,LAMBAYEQUE,LAMBAYEQUE,95,PENDIENTE
034988,LAMBAYEQUE,LAMBAYEQUE,LAMBAYEQUE,LAMBAYEQUE,95,PENDIENTE
034989,LAMBAYEQUE,LAMBAYEQUE,LAMBAYEQUE,LAMBAYEQUE,95,PENDIENTE
034990,LAMBAYEQUE,LAMBAYEQUE,LAMBAYEQUE,LAMBAYEQUE,95,PENDIENTE
034991,LAMBAYEQUE,LAMBAYEQUE,LAMBAYEQUE,LAMBAYEQUE,95,PENDIENTE
034992,LAMBAYEQUE,LAMBAYEQUE,LAMBAYEQUE,LAMBAYEQUE,96,PENDIENTE
034993,LAMBAYEQUE,LAMBAYEQUE,LAMBAYEQUE,LAMBAYEQUE,96,PENDIENTE
034994,LAMBAYEQUE,LAMBAYEQUE,LAMBAYEQUE,LAMBAYEQUE,96,PENDIENTE
034995,LAMBAYEQUE,LAMBAYEQUE,LAMBAYEQUE,LAMBAYEQUE,96,PENDIENTE
034996,LAMBAYEQUE,LAMBAYEQUE,LAMBAYEQUE,LAMBAYEQUE,96,PENDIENTE
034997,LAMBAYEQUE,LAMBAYEQUE,LAMBAYEQUE,LAMBAYEQUE,96,PENDIENTE
034998,LAMBAYEQUE,LAMBAYEQUE,LAMBAYEQUE,LAMBAYEQUE,97,PENDIENTE
034999,LAMBAYEQUE,LAMBAYEQUE,LAMBAYEQUE,LAMBAYEQUE,97,PENDIENTE
035000,LAMBAYEQUE,LAMBAYEQUE,LAMBAYEQUE,LAMBAYEQUE,97,PENDIENTE
035001,LAMBAYEQUE,LAMBAYEQUE,LAMBAYEQUE,LAMBAYEQUE,97,PENDIENTE
035002,LAMBAYEQUE,LAMBAYEQUE,LAMBAYEQUE,LAMBAYEQUE,97,PENDIENTE
035003,LAMBAYEQUE,LAMBAYEQUE,LAMBAYEQUE,LAMBAYEQUE,98,PENDIENTE
035004,LAMBAYEQUE,LAMBAYEQUE,LAMBAYEQUE,LAMBAYEQUE,98,PENDIENTE
035005,LAMBAYEQUE,LAMBAYEQUE,LAMBAYEQUE,LAMBAYEQUE,98,PENDIENTE
035006,LAMBAYEQUE,LAMBAYEQUE,LAMBAYEQUE,LAMBAYEQUE,98,PENDIENTE
035007,LAMBAYEQUE,LAMBAYEQUE,LAMBAYEQUE,LAMBAYEQUE,98,PENDIENTE
035008,LAMBAYEQUE,LAMBAYEQUE,LAMBAYEQUE,LAMBAYEQUE,99,PENDIENTE
035009,LAMBAYEQUE,LAMBAYEQUE,LAMBAYEQUE,LAMBAYEQUE,99,PENDIENTE
035010,LAMBAYEQUE,LAMBAYEQUE,LAMBAYEQUE,LAMBAYEQUE,99,PENDIENTE
035011,LAMBAYEQUE,LAMBAYEQUE,LAMBAYEQUE,LAMBAYEQUE,99,PENDIENTE
035012,LAMBAYEQUE,LAMBAYEQUE,LAMBAYEQUE,LAMBAYEQUE,99,PENDIENTE
035013,LAMBAYEQUE,LAMBAYEQUE,LAMBAYEQUE,LAMBAYEQUE,100,PENDIENTE
035014,LAMBAYEQUE,LAMBAYEQUE,LAMBAYEQUE,LAMBAYEQUE,100,PENDIENTE
035015,LAMBAYEQUE,LAMBAYEQUE,LAMBAYEQUE,LAMBAYEQUE,100,PENDIENTE
035016,LAMBAYEQUE,LAMBAYEQUE,LAMBAYEQUE,LAMBAYEQUE,100,PENDIENTE
035017,LAMBAYEQUE,LAMBAYEQUE,LAMBAYEQUE,LAMBAYEQUE,100,PENDIENTE
035018,LAMBAYEQUE,LAMBAYEQUE,LAMBAYEQUE,LAMBAYEQUE,101,PENDIENTE
035019,LAMBAYEQUE,LAMBAYEQUE,LAMBAYEQUE,LAMBAYEQUE,101,PENDIENTE
035020,LAMBAYEQUE,LAMBAYEQUE,LAMBAYEQUE,LAMBAYEQUE,101,PENDIENTE
035021,LAMBAYEQUE,LAMBAYEQUE,LAMBAYEQUE,LAMBAYEQUE,101,PENDIENTE
035022,LAMBAYEQUE,LAMBAYEQUE,LAMBAYEQUE,LAMBAYEQUE,101,PENDIENTE
035023,LAMBAYEQUE,LAMBAYEQUE,LAMBAYEQUE,LAMBAYEQUE,102,PENDIENTE
035024,LAMBAYEQUE,LAMBAYEQUE,LAMBAYEQUE,LAMBAYEQUE,102,PENDIENTE
035025,LAMBAYEQUE,LAMBAYEQUE,LAMBAYEQUE,LAMBAYEQUE,102,PENDIENTE
035026,LAMBAYEQUE,LAMBAYEQUE,LAMBAYEQUE,LAMBAYEQUE,102,PENDIENTE
035027,LAMBAYEQUE,LAMBAYEQUE,LAMBAYEQUE,LAMBAYEQUE,102,PENDIENTE
035028,LAMBAYEQUE,LAMBAYEQUE,LAMBAYEQUE,LAMBAYEQUE,102,PENDIENTE
035029,LAMBAYEQUE,LAMBAYEQUE,LAMBAYEQUE,LAMBAYEQUE,103,PENDIENTE
035030,LAMBAYEQUE,LAMBAYEQUE,LAMBAYEQUE,LAMBAYEQUE,103,PENDIENTE
035031,LAMBAYEQUE,LAMBAYEQUE,LAMBAYEQUE,LAMBAYEQUE,103,PENDIENTE
035032,LAMBAYEQUE,LAMBAYEQUE,LAMBAYEQUE,LAMBAYEQUE,103,PENDIENTE
035033,LAMBAYEQUE,LAMBAYEQUE,LAMBAYEQUE,LAMBAYEQUE,103,PENDIENTE
035034,LAMBAYEQUE,LAMBAYEQUE,LAMBAYEQUE,LAMBAYEQUE,103,PENDIENTE
035035,LAMBAYEQUE,LAMBAYEQUE,LAMBAYEQUE,LAMBAYEQUE,104,PENDIENTE
035036,LAMBAYEQUE,LAMBAYEQUE,LAMBAYEQUE,LAMBAYEQUE,104,PENDIENTE
035037,LAMBAYEQUE,LAMBAYEQUE,LAMBAYEQUE,LAMBAYEQUE,104,PENDIENTE
035038,LAMBAYEQUE,LAMBAYEQUE,LAMBAYEQUE,LAMBAYEQUE,104,PENDIENTE
035039,LAMBAYEQUE,LAMBAYEQUE,LAMBAYEQUE,LAMBAYEQUE,104,PENDIENTE
035040,LAMBAYEQUE,LAMBAYEQUE,LAMBAYEQUE,LAMBAYEQUE,104,PENDIENTE
035041,LAMBAYEQUE,LAMBAYEQUE,LAMBAYEQUE,LAMBAYEQUE,105,PENDIENTE
035042,LAMBAYEQUE,LAMBAYEQUE,LAMBAYEQUE,LAMBAYEQUE,105,PENDIENTE
035043,LAMBAYEQUE,LAMBAYEQUE,LAMBAYEQUE,LAMBAYEQUE,105,PENDIENTE
035044,LAMBAYEQUE,LAMBAYEQUE,LAMBAYEQUE,LAMBAYEQUE,105,PENDIENTE
035045,LAMBAYEQUE,LAMBAYEQUE,LAMBAYEQUE,LAMBAYEQUE,105,PENDIENTE
035046,LAMBAYEQUE,LAMBAYEQUE,LAMBAYEQUE,LAMBAYEQUE,105,PENDIENTE
035047,LAMBAYEQUE,LAMBAYEQUE,LAMBAYEQUE,LAMBAYEQUE,106,PENDIENTE
035048,LAMBAYEQUE,LAMBAYEQUE,LAMBAYEQUE,LAMBAYEQUE,106,PENDIENTE
035049,LAMBAYEQUE,LAMBAYEQUE,LAMBAYEQUE,LAMBAYEQUE,106,PENDIENTE
035050,LAMBAYEQUE,LAMBAYEQUE,LAMBAYEQUE,LAMBAYEQUE,106,PENDIENTE
035051,LAMBAYEQUE,LAMBAYEQUE,LAMBAYEQUE,LAMBAYEQUE,106,PENDIENTE
035052,LAMBAYEQUE,LAMBAYEQUE,LAMBAYEQUE,LAMBAYEQUE,106,PENDIENTE
035053,LAMBAYEQUE,LAMBAYEQUE,LAMBAYEQUE,LAMBAYEQUE,107,PENDIENTE
035054,LAMBAYEQUE,LAMBAYEQUE,LAMBAYEQUE,LAMBAYEQUE,107,PENDIENTE
035055,LAMBAYEQUE,LAMBAYEQUE,LAMBAYEQUE,LAMBAYEQUE,107,PENDIENTE
035056,LAMBAYEQUE,LAMBAYEQUE,LAMBAYEQUE,LAMBAYEQUE,107,PENDIENTE
035057,LAMBAYEQUE,LAMBAYEQUE,LAMBAYEQUE,LAMBAYEQUE,107,PENDIENTE
035058,LAMBAYEQUE,LAMBAYEQUE,LAMBAYEQUE,LAMBAYEQUE,107,PENDIENTE
035059,LAMBAYEQUE,LAMBAYEQUE,LAMBAYEQUE,LAMBAYEQUE,108,PENDIENTE
035060,LAMBAYEQUE,LAMBAYEQUE,LAMBAYEQUE,LAMBAYEQUE,108,PENDIENTE
035061,LAMBAYEQUE,LAMBAYEQUE,LAMBAYEQUE,LAMBAYEQUE,108,PENDIENTE
035062,LAMBAYEQUE,LAMBAYEQUE,LAMBAYEQUE,LAMBAYEQUE,108,PENDIENTE
035063,LAMBAYEQUE,LAMBAYEQUE,LAMBAYEQUE,LAMBAYEQUE,108,PENDIENTE
035064,LAMBAYEQUE,LAMBAYEQUE,LAMBAYEQUE,LAMBAYEQUE,108,PENDIENTE
903077,LAMBAYEQUE,LAMBAYEQUE,LAMBAYEQUE,LAMBAYEQUE,109,PENDIENTE
903078,LAMBAYEQUE,LAMBAYEQUE,LAMBAYEQUE,LAMBAYEQUE,109,PENDIENTE
903079,LAMBAYEQUE,LAMBAYEQUE,LAMBAYEQUE,LAMBAYEQUE,109,PENDIENTE
903080,LAMBAYEQUE,LAMBAYEQUE,LAMBAYEQUE,LAMBAYEQUE,109,PENDIENTE
035148,LAMBAYEQUE,LAMBAYEQUE,LAMBAYEQUE,MOCHUMI,110,PENDIENTE
035149,LAMBAYEQUE,LAMBAYEQUE,LAMBAYEQUE,MOCHUMI,110,PENDIENTE
035150,LAMBAYEQUE,LAMBAYEQUE,LAMBAYEQUE,MOCHUMI,110,PENDIENTE
035151,LAMBAYEQUE,LAMBAYEQUE,LAMBAYEQUE,MOCHUMI,110,PENDIENTE
035152,LAMBAYEQUE,LAMBAYEQUE,LAMBAYEQUE,MOCHUMI,110,PENDIENTE
035153,LAMBAYEQUE,LAMBAYEQUE,LAMBAYEQUE,MOCHUMI,110,PENDIENTE
035154,LAMBAYEQUE,LAMBAYEQUE,LAMBAYEQUE,MOCHUMI,111,PENDIENTE
035155,LAMBAYEQUE,LAMBAYEQUE,LAMBAYEQUE,MOCHUMI,111,PENDIENTE
035156,LAMBAYEQUE,LAMBAYEQUE,LAMBAYEQUE,MOCHUMI,111,PENDIENTE
035157,LAMBAYEQUE,LAMBAYEQUE,LAMBAYEQUE,MOCHUMI,111,PENDIENTE
035158,LAMBAYEQUE,LAMBAYEQUE,LAMBAYEQUE,MOCHUMI,111,PENDIENTE
035159,LAMBAYEQUE,LAMBAYEQUE,LAMBAYEQUE,MOCHUMI,111,PENDIENTE
035160,LAMBAYEQUE,LAMBAYEQUE,LAMBAYEQUE,MOCHUMI,112,PENDIENTE
035161,LAMBAYEQUE,LAMBAYEQUE,LAMBAYEQUE,MOCHUMI,112,PENDIENTE
035162,LAMBAYEQUE,LAMBAYEQUE,LAMBAYEQUE,MOCHUMI,112,PENDIENTE
035163,LAMBAYEQUE,LAMBAYEQUE,LAMBAYEQUE,MOCHUMI,112,PENDIENTE
035164,LAMBAYEQUE,LAMBAYEQUE,LAMBAYEQUE,MOCHUMI,112,PENDIENTE
035165,LAMBAYEQUE,LAMBAYEQUE,LAMBAYEQUE,MOCHUMI,112,PENDIENTE
035166,LAMBAYEQUE,LAMBAYEQUE,LAMBAYEQUE,MOCHUMI,113,PENDIENTE
035167,LAMBAYEQUE,LAMBAYEQUE,LAMBAYEQUE,MOCHUMI,113,PENDIENTE
035168,LAMBAYEQUE,LAMBAYEQUE,LAMBAYEQUE,MOCHUMI,113,PENDIENTE
035169,LAMBAYEQUE,LAMBAYEQUE,LAMBAYEQUE,MOCHUMI,113,PENDIENTE
035170,LAMBAYEQUE,LAMBAYEQUE,LAMBAYEQUE,MOCHUMI,113,PENDIENTE
035171,LAMBAYEQUE,LAMBAYEQUE,LAMBAYEQUE,MOCHUMI,113,PENDIENTE
035172,LAMBAYEQUE,LAMBAYEQUE,LAMBAYEQUE,MOCHUMI,114,PENDIENTE
035173,LAMBAYEQUE,LAMBAYEQUE,LAMBAYEQUE,MOCHUMI,114,PENDIENTE
035174,LAMBAYEQUE,LAMBAYEQUE,LAMBAYEQUE,MOCHUMI,114,PENDIENTE
035175,LAMBAYEQUE,LAMBAYEQUE,LAMBAYEQUE,MOCHUMI,114,PENDIENTE
035176,LAMBAYEQUE,LAMBAYEQUE,LAMBAYEQUE,MOCHUMI,114,PENDIENTE
035177,LAMBAYEQUE,LAMBAYEQUE,LAMBAYEQUE,MOCHUMI,114,PENDIENTE
035178,LAMBAYEQUE,LAMBAYEQUE,LAMBAYEQUE,MOCHUMI,115,PENDIENTE
035179,LAMBAYEQUE,LAMBAYEQUE,LAMBAYEQUE,MOCHUMI,115,PENDIENTE
035180,LAMBAYEQUE,LAMBAYEQUE,LAMBAYEQUE,MOCHUMI,115,PENDIENTE
035181,LAMBAYEQUE,LAMBAYEQUE,LAMBAYEQUE,MOCHUMI,115,PENDIENTE
035182,LAMBAYEQUE,LAMBAYEQUE,LAMBAYEQUE,MOCHUMI,115,PENDIENTE
035183,LAMBAYEQUE,LAMBAYEQUE,LAMBAYEQUE,MOCHUMI,115,PENDIENTE
035184,LAMBAYEQUE,LAMBAYEQUE,LAMBAYEQUE,MOCHUMI,116,PENDIENTE
035185,LAMBAYEQUE,LAMBAYEQUE,LAMBAYEQUE,MOCHUMI,116,PENDIENTE
035186,LAMBAYEQUE,LAMBAYEQUE,LAMBAYEQUE,MOCHUMI,116,PENDIENTE
035187,LAMBAYEQUE,LAMBAYEQUE,LAMBAYEQUE,MOCHUMI,116,PENDIENTE
035188,LAMBAYEQUE,LAMBAYEQUE,LAMBAYEQUE,MOCHUMI,116,PENDIENTE
035189,LAMBAYEQUE,LAMBAYEQUE,LAMBAYEQUE,MOCHUMI,116,PENDIENTE
035190,LAMBAYEQUE,LAMBAYEQUE,LAMBAYEQUE,MOCHUMI,117,PENDIENTE
035191,LAMBAYEQUE,LAMBAYEQUE,LAMBAYEQUE,MOCHUMI,117,PENDIENTE
035192,LAMBAYEQUE,LAMBAYEQUE,LAMBAYEQUE,MOCHUMI,117,PENDIENTE
035193,LAMBAYEQUE,LAMBAYEQUE,LAMBAYEQUE,MOCHUMI,117,PENDIENTE
035194,LAMBAYEQUE,LAMBAYEQUE,LAMBAYEQUE,MOCHUMI,117,PENDIENTE
035195,LAMBAYEQUE,LAMBAYEQUE,LAMBAYEQUE,MOCHUMI,117,PENDIENTE
035196,LAMBAYEQUE,LAMBAYEQUE,LAMBAYEQUE,MOCHUMI,118,PENDIENTE
035197,LAMBAYEQUE,LAMBAYEQUE,LAMBAYEQUE,MOCHUMI,118,PENDIENTE
035198,LAMBAYEQUE,LAMBAYEQUE,LAMBAYEQUE,MOCHUMI,118,PENDIENTE
035199,LAMBAYEQUE,LAMBAYEQUE,LAMBAYEQUE,MOCHUMI,118,PENDIENTE
035200,LAMBAYEQUE,LAMBAYEQUE,LAMBAYEQUE,MOCHUMI,118,PENDIENTE
035201,LAMBAYEQUE,LAMBAYEQUE,LAMBAYEQUE,MOCHUMI,118,PENDIENTE
903087,LAMBAYEQUE,LAMBAYEQUE,LAMBAYEQUE,MOCHUMI,119,PENDIENTE
903088,LAMBAYEQUE,LAMBAYEQUE,LAMBAYEQUE,MOCHUMI,119,PENDIENTE
903089,LAMBAYEQUE,LAMBAYEQUE,LAMBAYEQUE,MOCHUMI,119,PENDIENTE
035202,LAMBAYEQUE,LAMBAYEQUE,LAMBAYEQUE,MORROPE,120,PENDIENTE
035203,LAMBAYEQUE,LAMBAYEQUE,LAMBAYEQUE,MORROPE,120,PENDIENTE
035204,LAMBAYEQUE,LAMBAYEQUE,LAMBAYEQUE,MORROPE,120,PENDIENTE
035205,LAMBAYEQUE,LAMBAYEQUE,LAMBAYEQUE,MORROPE,120,PENDIENTE
035206,LAMBAYEQUE,LAMBAYEQUE,LAMBAYEQUE,MORROPE,120,PENDIENTE
035207,LAMBAYEQUE,LAMBAYEQUE,LAMBAYEQUE,MORROPE,120,PENDIENTE
035208,LAMBAYEQUE,LAMBAYEQUE,LAMBAYEQUE,MORROPE,121,PENDIENTE
035209,LAMBAYEQUE,LAMBAYEQUE,LAMBAYEQUE,MORROPE,121,PENDIENTE
035210,LAMBAYEQUE,LAMBAYEQUE,LAMBAYEQUE,MORROPE,121,PENDIENTE
035211,LAMBAYEQUE,LAMBAYEQUE,LAMBAYEQUE,MORROPE,121,PENDIENTE
035212,LAMBAYEQUE,LAMBAYEQUE,LAMBAYEQUE,MORROPE,121,PENDIENTE
035213,LAMBAYEQUE,LAMBAYEQUE,LAMBAYEQUE,MORROPE,121,PENDIENTE
035214,LAMBAYEQUE,LAMBAYEQUE,LAMBAYEQUE,MORROPE,122,PENDIENTE
035215,LAMBAYEQUE,LAMBAYEQUE,LAMBAYEQUE,MORROPE,122,PENDIENTE
035216,LAMBAYEQUE,LAMBAYEQUE,LAMBAYEQUE,MORROPE,122,PENDIENTE
035217,LAMBAYEQUE,LAMBAYEQUE,LAMBAYEQUE,MORROPE,122,PENDIENTE
035218,LAMBAYEQUE,LAMBAYEQUE,LAMBAYEQUE,MORROPE,122,PENDIENTE
035219,LAMBAYEQUE,LAMBAYEQUE,LAMBAYEQUE,MORROPE,122,PENDIENTE
035220,LAMBAYEQUE,LAMBAYEQUE,LAMBAYEQUE,MORROPE,123,PENDIENTE
035221,LAMBAYEQUE,LAMBAYEQUE,LAMBAYEQUE,MORROPE,123,PENDIENTE
035222,LAMBAYEQUE,LAMBAYEQUE,LAMBAYEQUE,MORROPE,123,PENDIENTE
035223,LAMBAYEQUE,LAMBAYEQUE,LAMBAYEQUE,MORROPE,123,PENDIENTE
035224,LAMBAYEQUE,LAMBAYEQUE,LAMBAYEQUE,MORROPE,123,PENDIENTE
035225,LAMBAYEQUE,LAMBAYEQUE,LAMBAYEQUE,MORROPE,123,PENDIENTE
035226,LAMBAYEQUE,LAMBAYEQUE,LAMBAYEQUE,MORROPE,124,PENDIENTE
035227,LAMBAYEQUE,LAMBAYEQUE,LAMBAYEQUE,MORROPE,124,PENDIENTE
035228,LAMBAYEQUE,LAMBAYEQUE,LAMBAYEQUE,MORROPE,124,PENDIENTE
035229,LAMBAYEQUE,LAMBAYEQUE,LAMBAYEQUE,MORROPE,124,PENDIENTE
035230,LAMBAYEQUE,LAMBAYEQUE,LAMBAYEQUE,MORROPE,124,PENDIENTE
035231,LAMBAYEQUE,LAMBAYEQUE,LAMBAYEQUE,MORROPE,124,PENDIENTE
035232,LAMBAYEQUE,LAMBAYEQUE,LAMBAYEQUE,MORROPE,125,PENDIENTE
035233,LAMBAYEQUE,LAMBAYEQUE,LAMBAYEQUE,MORROPE,125,PENDIENTE
035234,LAMBAYEQUE,LAMBAYEQUE,LAMBAYEQUE,MORROPE,125,PENDIENTE
035235,LAMBAYEQUE,LAMBAYEQUE,LAMBAYEQUE,MORROPE,125,PENDIENTE
035236,LAMBAYEQUE,LAMBAYEQUE,LAMBAYEQUE,MORROPE,125,PENDIENTE
035237,LAMBAYEQUE,LAMBAYEQUE,LAMBAYEQUE,MORROPE,126,PENDIENTE
035238,LAMBAYEQUE,LAMBAYEQUE,LAMBAYEQUE,MORROPE,126,PENDIENTE
035239,LAMBAYEQUE,LAMBAYEQUE,LAMBAYEQUE,MORROPE,126,PENDIENTE
035240,LAMBAYEQUE,LAMBAYEQUE,LAMBAYEQUE,MORROPE,126,PENDIENTE
035241,LAMBAYEQUE,LAMBAYEQUE,LAMBAYEQUE,MORROPE,126,PENDIENTE
035242,LAMBAYEQUE,LAMBAYEQUE,LAMBAYEQUE,MORROPE,126,PENDIENTE
035243,LAMBAYEQUE,LAMBAYEQUE,LAMBAYEQUE,MORROPE,127,PENDIENTE
035244,LAMBAYEQUE,LAMBAYEQUE,LAMBAYEQUE,MORROPE,127,PENDIENTE
035245,LAMBAYEQUE,LAMBAYEQUE,LAMBAYEQUE,MORROPE,127,PENDIENTE
035246,LAMBAYEQUE,LAMBAYEQUE,LAMBAYEQUE,MORROPE,127,PENDIENTE
035247,LAMBAYEQUE,LAMBAYEQUE,LAMBAYEQUE,MORROPE,127,PENDIENTE
035248,LAMBAYEQUE,LAMBAYEQUE,LAMBAYEQUE,MORROPE,127,PENDIENTE
035249,LAMBAYEQUE,LAMBAYEQUE,LAMBAYEQUE,MORROPE,128,PENDIENTE
035250,LAMBAYEQUE,LAMBAYEQUE,LAMBAYEQUE,MORROPE,128,PENDIENTE
035251,LAMBAYEQUE,LAMBAYEQUE,LAMBAYEQUE,MORROPE,128,PENDIENTE
035252,LAMBAYEQUE,LAMBAYEQUE,LAMBAYEQUE,MORROPE,128,PENDIENTE
035253,LAMBAYEQUE,LAMBAYEQUE,LAMBAYEQUE,MORROPE,128,PENDIENTE
035254,LAMBAYEQUE,LAMBAYEQUE,LAMBAYEQUE,MORROPE,128,PENDIENTE
035255,LAMBAYEQUE,LAMBAYEQUE,LAMBAYEQUE,MORROPE,129,PENDIENTE
035256,LAMBAYEQUE,LAMBAYEQUE,LAMBAYEQUE,MORROPE,129,PENDIENTE
035257,LAMBAYEQUE,LAMBAYEQUE,LAMBAYEQUE,MORROPE,129,PENDIENTE
035258,LAMBAYEQUE,LAMBAYEQUE,LAMBAYEQUE,MORROPE,129,PENDIENTE
035259,LAMBAYEQUE,LAMBAYEQUE,LAMBAYEQUE,MORROPE,129,PENDIENTE
035260,LAMBAYEQUE,LAMBAYEQUE,LAMBAYEQUE,MORROPE,129,PENDIENTE
035261,LAMBAYEQUE,LAMBAYEQUE,LAMBAYEQUE,MORROPE,130,PENDIENTE
035262,LAMBAYEQUE,LAMBAYEQUE,LAMBAYEQUE,MORROPE,130,PENDIENTE
035263,LAMBAYEQUE,LAMBAYEQUE,LAMBAYEQUE,MORROPE,130,PENDIENTE
035264,LAMBAYEQUE,LAMBAYEQUE,LAMBAYEQUE,MORROPE,130,PENDIENTE
035265,LAMBAYEQUE,LAMBAYEQUE,LAMBAYEQUE,MORROPE,130,PENDIENTE
035266,LAMBAYEQUE,LAMBAYEQUE,LAMBAYEQUE,MORROPE,130,PENDIENTE
035267,LAMBAYEQUE,LAMBAYEQUE,LAMBAYEQUE,MORROPE,131,PENDIENTE
035268,LAMBAYEQUE,LAMBAYEQUE,LAMBAYEQUE,MORROPE,131,PENDIENTE
035269,LAMBAYEQUE,LAMBAYEQUE,LAMBAYEQUE,MORROPE,131,PENDIENTE
035270,LAMBAYEQUE,LAMBAYEQUE,LAMBAYEQUE,MORROPE,131,PENDIENTE
035271,LAMBAYEQUE,LAMBAYEQUE,LAMBAYEQUE,MORROPE,131,PENDIENTE
035272,LAMBAYEQUE,LAMBAYEQUE,LAMBAYEQUE,MORROPE,131,PENDIENTE
035273,LAMBAYEQUE,LAMBAYEQUE,LAMBAYEQUE,MORROPE,132,PENDIENTE
035274,LAMBAYEQUE,LAMBAYEQUE,LAMBAYEQUE,MORROPE,132,PENDIENTE
035275,LAMBAYEQUE,LAMBAYEQUE,LAMBAYEQUE,MORROPE,132,PENDIENTE
035276,LAMBAYEQUE,LAMBAYEQUE,LAMBAYEQUE,MORROPE,132,PENDIENTE
035277,LAMBAYEQUE,LAMBAYEQUE,LAMBAYEQUE,MORROPE,132,PENDIENTE
035278,LAMBAYEQUE,LAMBAYEQUE,LAMBAYEQUE,MORROPE,132,PENDIENTE
035279,LAMBAYEQUE,LAMBAYEQUE,LAMBAYEQUE,MORROPE,133,PENDIENTE
035280,LAMBAYEQUE,LAMBAYEQUE,LAMBAYEQUE,MORROPE,133,PENDIENTE
035281,LAMBAYEQUE,LAMBAYEQUE,LAMBAYEQUE,MORROPE,133,PENDIENTE
035282,LAMBAYEQUE,LAMBAYEQUE,LAMBAYEQUE,MORROPE,133,PENDIENTE
035283,LAMBAYEQUE,LAMBAYEQUE,LAMBAYEQUE,MORROPE,133,PENDIENTE
035284,LAMBAYEQUE,LAMBAYEQUE,LAMBAYEQUE,MORROPE,133,PENDIENTE
035285,LAMBAYEQUE,LAMBAYEQUE,LAMBAYEQUE,MORROPE,134,PENDIENTE
035286,LAMBAYEQUE,LAMBAYEQUE,LAMBAYEQUE,MORROPE,134,PENDIENTE
035287,LAMBAYEQUE,LAMBAYEQUE,LAMBAYEQUE,MORROPE,134,PENDIENTE
035288,LAMBAYEQUE,LAMBAYEQUE,LAMBAYEQUE,MORROPE,134,PENDIENTE
035289,LAMBAYEQUE,LAMBAYEQUE,LAMBAYEQUE,MORROPE,134,PENDIENTE
035290,LAMBAYEQUE,LAMBAYEQUE,LAMBAYEQUE,MORROPE,134,PENDIENTE
035291,LAMBAYEQUE,LAMBAYEQUE,LAMBAYEQUE,MORROPE,135,PENDIENTE
035292,LAMBAYEQUE,LAMBAYEQUE,LAMBAYEQUE,MORROPE,135,PENDIENTE
035293,LAMBAYEQUE,LAMBAYEQUE,LAMBAYEQUE,MORROPE,135,PENDIENTE
035294,LAMBAYEQUE,LAMBAYEQUE,LAMBAYEQUE,MORROPE,135,PENDIENTE
035295,LAMBAYEQUE,LAMBAYEQUE,LAMBAYEQUE,MORROPE,135,PENDIENTE
035296,LAMBAYEQUE,LAMBAYEQUE,LAMBAYEQUE,MORROPE,135,PENDIENTE
903090,LAMBAYEQUE,LAMBAYEQUE,LAMBAYEQUE,MORROPE,136,PENDIENTE
903091,LAMBAYEQUE,LAMBAYEQUE,LAMBAYEQUE,MORROPE,136,PENDIENTE
903092,LAMBAYEQUE,LAMBAYEQUE,LAMBAYEQUE,MORROPE,136,PENDIENTE
903093,LAMBAYEQUE,LAMBAYEQUE,LAMBAYEQUE,MORROPE,136,PENDIENTE
903094,LAMBAYEQUE,LAMBAYEQUE,LAMBAYEQUE,MORROPE,136,PENDIENTE
903095,LAMBAYEQUE,LAMBAYEQUE,LAMBAYEQUE,MORROPE,136,PENDIENTE
903096,LAMBAYEQUE,LAMBAYEQUE,LAMBAYEQUE,MORROPE,137,PENDIENTE
903097,LAMBAYEQUE,LAMBAYEQUE,LAMBAYEQUE,MORROPE,137,PENDIENTE
903098,LAMBAYEQUE,LAMBAYEQUE,LAMBAYEQUE,MORROPE,137,PENDIENTE
903099,LAMBAYEQUE,LAMBAYEQUE,LAMBAYEQUE,MORROPE,137,PENDIENTE
903100,LAMBAYEQUE,LAMBAYEQUE,LAMBAYEQUE,MORROPE,137,PENDIENTE
903101,LAMBAYEQUE,LAMBAYEQUE,LAMBAYEQUE,MORROPE,137,PENDIENTE
903102,LAMBAYEQUE,LAMBAYEQUE,LAMBAYEQUE,MORROPE,138,PENDIENTE
903103,LAMBAYEQUE,LAMBAYEQUE,LAMBAYEQUE,MORROPE,138,PENDIENTE
903104,LAMBAYEQUE,LAMBAYEQUE,LAMBAYEQUE,MORROPE,138,PENDIENTE
903105,LAMBAYEQUE,LAMBAYEQUE,LAMBAYEQUE,MORROPE,138,PENDIENTE
903106,LAMBAYEQUE,LAMBAYEQUE,LAMBAYEQUE,MORROPE,138,PENDIENTE
903107,LAMBAYEQUE,LAMBAYEQUE,LAMBAYEQUE,MORROPE,138,PENDIENTE
903108,LAMBAYEQUE,LAMBAYEQUE,LAMBAYEQUE,MORROPE,139,PENDIENTE
903109,LAMBAYEQUE,LAMBAYEQUE,LAMBAYEQUE,MORROPE,139,PENDIENTE
903110,LAMBAYEQUE,LAMBAYEQUE,LAMBAYEQUE,MORROPE,139,PENDIENTE
903111,LAMBAYEQUE,LAMBAYEQUE,LAMBAYEQUE,MORROPE,139,PENDIENTE
903112,LAMBAYEQUE,LAMBAYEQUE,LAMBAYEQUE,MORROPE,139,PENDIENTE
903113,LAMBAYEQUE,LAMBAYEQUE,LAMBAYEQUE,MORROPE,139,PENDIENTE
903114,LAMBAYEQUE,LAMBAYEQUE,LAMBAYEQUE,MORROPE,140,PENDIENTE
903115,LAMBAYEQUE,LAMBAYEQUE,LAMBAYEQUE,MORROPE,140,PENDIENTE
903116,LAMBAYEQUE,LAMBAYEQUE,LAMBAYEQUE,MORROPE,140,PENDIENTE
903117,LAMBAYEQUE,LAMBAYEQUE,LAMBAYEQUE,MORROPE,140,PENDIENTE
903118,LAMBAYEQUE,LAMBAYEQUE,LAMBAYEQUE,MORROPE,140,PENDIENTE
903119,LAMBAYEQUE,LAMBAYEQUE,LAMBAYEQUE,MORROPE,140,PENDIENTE
903120,LAMBAYEQUE,LAMBAYEQUE,LAMBAYEQUE,MORROPE,141,PENDIENTE
903121,LAMBAYEQUE,LAMBAYEQUE,LAMBAYEQUE,MORROPE,141,PENDIENTE
903122,LAMBAYEQUE,LAMBAYEQUE,LAMBAYEQUE,MORROPE,141,PENDIENTE
903123,LAMBAYEQUE,LAMBAYEQUE,LAMBAYEQUE,MORROPE,141,PENDIENTE
903124,LAMBAYEQUE,LAMBAYEQUE,LAMBAYEQUE,MORROPE,141,PENDIENTE
903125,LAMBAYEQUE,LAMBAYEQUE,LAMBAYEQUE,MORROPE,141,PENDIENTE
903126,LAMBAYEQUE,LAMBAYEQUE,LAMBAYEQUE,MORROPE,142,PENDIENTE
903127,LAMBAYEQUE,LAMBAYEQUE,LAMBAYEQUE,MORROPE,142,PENDIENTE
035297,LAMBAYEQUE,LAMBAYEQUE,LAMBAYEQUE,MOTUPE,143,PENDIENTE
035298,LAMBAYEQUE,LAMBAYEQUE,LAMBAYEQUE,MOTUPE,143,PENDIENTE
035299,LAMBAYEQUE,LAMBAYEQUE,LAMBAYEQUE,MOTUPE,143,PENDIENTE
035300,LAMBAYEQUE,LAMBAYEQUE,LAMBAYEQUE,MOTUPE,143,PENDIENTE
035301,LAMBAYEQUE,LAMBAYEQUE,LAMBAYEQUE,MOTUPE,143,PENDIENTE
035302,LAMBAYEQUE,LAMBAYEQUE,LAMBAYEQUE,MOTUPE,144,PENDIENTE
035303,LAMBAYEQUE,LAMBAYEQUE,LAMBAYEQUE,MOTUPE,144,PENDIENTE
035304,LAMBAYEQUE,LAMBAYEQUE,LAMBAYEQUE,MOTUPE,144,PENDIENTE
035305,LAMBAYEQUE,LAMBAYEQUE,LAMBAYEQUE,MOTUPE,144,PENDIENTE
035306,LAMBAYEQUE,LAMBAYEQUE,LAMBAYEQUE,MOTUPE,144,PENDIENTE
035307,LAMBAYEQUE,LAMBAYEQUE,LAMBAYEQUE,MOTUPE,144,PENDIENTE
035308,LAMBAYEQUE,LAMBAYEQUE,LAMBAYEQUE,MOTUPE,145,PENDIENTE
035309,LAMBAYEQUE,LAMBAYEQUE,LAMBAYEQUE,MOTUPE,145,PENDIENTE
035310,LAMBAYEQUE,LAMBAYEQUE,LAMBAYEQUE,MOTUPE,145,PENDIENTE
035311,LAMBAYEQUE,LAMBAYEQUE,LAMBAYEQUE,MOTUPE,145,PENDIENTE
035312,LAMBAYEQUE,LAMBAYEQUE,LAMBAYEQUE,MOTUPE,145,PENDIENTE
035313,LAMBAYEQUE,LAMBAYEQUE,LAMBAYEQUE,MOTUPE,145,PENDIENTE
035314,LAMBAYEQUE,LAMBAYEQUE,LAMBAYEQUE,MOTUPE,146,PENDIENTE
035315,LAMBAYEQUE,LAMBAYEQUE,LAMBAYEQUE,MOTUPE,146,PENDIENTE
035316,LAMBAYEQUE,LAMBAYEQUE,LAMBAYEQUE,MOTUPE,146,PENDIENTE
035317,LAMBAYEQUE,LAMBAYEQUE,LAMBAYEQUE,MOTUPE,146,PENDIENTE
035318,LAMBAYEQUE,LAMBAYEQUE,LAMBAYEQUE,MOTUPE,146,PENDIENTE
035319,LAMBAYEQUE,LAMBAYEQUE,LAMBAYEQUE,MOTUPE,146,PENDIENTE
035320,LAMBAYEQUE,LAMBAYEQUE,LAMBAYEQUE,MOTUPE,147,PENDIENTE
035321,LAMBAYEQUE,LAMBAYEQUE,LAMBAYEQUE,MOTUPE,147,PENDIENTE
035322,LAMBAYEQUE,LAMBAYEQUE,LAMBAYEQUE,MOTUPE,147,PENDIENTE
035323,LAMBAYEQUE,LAMBAYEQUE,LAMBAYEQUE,MOTUPE,147,PENDIENTE
035324,LAMBAYEQUE,LAMBAYEQUE,LAMBAYEQUE,MOTUPE,147,PENDIENTE
035325,LAMBAYEQUE,LAMBAYEQUE,LAMBAYEQUE,MOTUPE,147,PENDIENTE
035326,LAMBAYEQUE,LAMBAYEQUE,LAMBAYEQUE,MOTUPE,148,PENDIENTE
035327,LAMBAYEQUE,LAMBAYEQUE,LAMBAYEQUE,MOTUPE,148,PENDIENTE
035328,LAMBAYEQUE,LAMBAYEQUE,LAMBAYEQUE,MOTUPE,148,PENDIENTE
035329,LAMBAYEQUE,LAMBAYEQUE,LAMBAYEQUE,MOTUPE,148,PENDIENTE
035330,LAMBAYEQUE,LAMBAYEQUE,LAMBAYEQUE,MOTUPE,148,PENDIENTE
035331,LAMBAYEQUE,LAMBAYEQUE,LAMBAYEQUE,MOTUPE,148,PENDIENTE
035332,LAMBAYEQUE,LAMBAYEQUE,LAMBAYEQUE,MOTUPE,149,PENDIENTE
035333,LAMBAYEQUE,LAMBAYEQUE,LAMBAYEQUE,MOTUPE,149,PENDIENTE
035334,LAMBAYEQUE,LAMBAYEQUE,LAMBAYEQUE,MOTUPE,149,PENDIENTE
035335,LAMBAYEQUE,LAMBAYEQUE,LAMBAYEQUE,MOTUPE,149,PENDIENTE
035336,LAMBAYEQUE,LAMBAYEQUE,LAMBAYEQUE,MOTUPE,149,PENDIENTE
035337,LAMBAYEQUE,LAMBAYEQUE,LAMBAYEQUE,MOTUPE,149,PENDIENTE
035338,LAMBAYEQUE,LAMBAYEQUE,LAMBAYEQUE,MOTUPE,150,PENDIENTE
035339,LAMBAYEQUE,LAMBAYEQUE,LAMBAYEQUE,MOTUPE,150,PENDIENTE
035340,LAMBAYEQUE,LAMBAYEQUE,LAMBAYEQUE,MOTUPE,150,PENDIENTE
035341,LAMBAYEQUE,LAMBAYEQUE,LAMBAYEQUE,MOTUPE,150,PENDIENTE
035342,LAMBAYEQUE,LAMBAYEQUE,LAMBAYEQUE,MOTUPE,150,PENDIENTE
035343,LAMBAYEQUE,LAMBAYEQUE,LAMBAYEQUE,MOTUPE,150,PENDIENTE
035344,LAMBAYEQUE,LAMBAYEQUE,LAMBAYEQUE,MOTUPE,151,PENDIENTE
035345,LAMBAYEQUE,LAMBAYEQUE,LAMBAYEQUE,MOTUPE,151,PENDIENTE
035346,LAMBAYEQUE,LAMBAYEQUE,LAMBAYEQUE,MOTUPE,151,PENDIENTE
035347,LAMBAYEQUE,LAMBAYEQUE,LAMBAYEQUE,MOTUPE,151,PENDIENTE
035348,LAMBAYEQUE,LAMBAYEQUE,LAMBAYEQUE,MOTUPE,151,PENDIENTE
035349,LAMBAYEQUE,LAMBAYEQUE,LAMBAYEQUE,MOTUPE,151,PENDIENTE
035350,LAMBAYEQUE,LAMBAYEQUE,LAMBAYEQUE,MOTUPE,152,PENDIENTE
035351,LAMBAYEQUE,LAMBAYEQUE,LAMBAYEQUE,MOTUPE,152,PENDIENTE
035352,LAMBAYEQUE,LAMBAYEQUE,LAMBAYEQUE,MOTUPE,152,PENDIENTE
035353,LAMBAYEQUE,LAMBAYEQUE,LAMBAYEQUE,MOTUPE,152,PENDIENTE
035354,LAMBAYEQUE,LAMBAYEQUE,LAMBAYEQUE,MOTUPE,152,PENDIENTE
035355,LAMBAYEQUE,LAMBAYEQUE,LAMBAYEQUE,MOTUPE,152,PENDIENTE
035356,LAMBAYEQUE,LAMBAYEQUE,LAMBAYEQUE,MOTUPE,153,PENDIENTE
035357,LAMBAYEQUE,LAMBAYEQUE,LAMBAYEQUE,MOTUPE,153,PENDIENTE
035358,LAMBAYEQUE,LAMBAYEQUE,LAMBAYEQUE,MOTUPE,153,PENDIENTE
035359,LAMBAYEQUE,LAMBAYEQUE,LAMBAYEQUE,MOTUPE,153,PENDIENTE
035360,LAMBAYEQUE,LAMBAYEQUE,LAMBAYEQUE,MOTUPE,153,PENDIENTE
035361,LAMBAYEQUE,LAMBAYEQUE,LAMBAYEQUE,MOTUPE,153,PENDIENTE
035362,LAMBAYEQUE,LAMBAYEQUE,LAMBAYEQUE,MOTUPE,154,PENDIENTE
035363,LAMBAYEQUE,LAMBAYEQUE,LAMBAYEQUE,MOTUPE,154,PENDIENTE
035364,LAMBAYEQUE,LAMBAYEQUE,LAMBAYEQUE,MOTUPE,154,PENDIENTE
035365,LAMBAYEQUE,LAMBAYEQUE,LAMBAYEQUE,MOTUPE,154,PENDIENTE
035366,LAMBAYEQUE,LAMBAYEQUE,LAMBAYEQUE,MOTUPE,154,PENDIENTE
035367,LAMBAYEQUE,LAMBAYEQUE,LAMBAYEQUE,MOTUPE,154,PENDIENTE
035368,LAMBAYEQUE,LAMBAYEQUE,LAMBAYEQUE,MOTUPE,155,PENDIENTE
035369,LAMBAYEQUE,LAMBAYEQUE,LAMBAYEQUE,MOTUPE,155,PENDIENTE
903128,LAMBAYEQUE,LAMBAYEQUE,LAMBAYEQUE,MOTUPE,155,PENDIENTE
903129,LAMBAYEQUE,LAMBAYEQUE,LAMBAYEQUE,MOTUPE,155,PENDIENTE
903130,LAMBAYEQUE,LAMBAYEQUE,LAMBAYEQUE,MOTUPE,155,PENDIENTE
903131,LAMBAYEQUE,LAMBAYEQUE,LAMBAYEQUE,MOTUPE,155,PENDIENTE
903132,LAMBAYEQUE,LAMBAYEQUE,LAMBAYEQUE,MOTUPE,156,PENDIENTE
903133,LAMBAYEQUE,LAMBAYEQUE,LAMBAYEQUE,MOTUPE,156,PENDIENTE
903134,LAMBAYEQUE,LAMBAYEQUE,LAMBAYEQUE,MOTUPE,156,PENDIENTE
903135,LAMBAYEQUE,LAMBAYEQUE,LAMBAYEQUE,MOTUPE,156,PENDIENTE
903136,LAMBAYEQUE,LAMBAYEQUE,LAMBAYEQUE,MOTUPE,156,PENDIENTE
903137,LAMBAYEQUE,LAMBAYEQUE,LAMBAYEQUE,MOTUPE,156,PENDIENTE
903138,LAMBAYEQUE,LAMBAYEQUE,LAMBAYEQUE,MOTUPE,157,PENDIENTE
903139,LAMBAYEQUE,LAMBAYEQUE,LAMBAYEQUE,MOTUPE,157,PENDIENTE
903140,LAMBAYEQUE,LAMBAYEQUE,LAMBAYEQUE,MOTUPE,157,PENDIENTE
035370,LAMBAYEQUE,LAMBAYEQUE,LAMBAYEQUE,OLMOS,158,PENDIENTE
035371,LAMBAYEQUE,LAMBAYEQUE,LAMBAYEQUE,OLMOS,158,PENDIENTE
035372,LAMBAYEQUE,LAMBAYEQUE,LAMBAYEQUE,OLMOS,158,PENDIENTE
035373,LAMBAYEQUE,LAMBAYEQUE,LAMBAYEQUE,OLMOS,158,PENDIENTE
035374,LAMBAYEQUE,LAMBAYEQUE,LAMBAYEQUE,OLMOS,158,PENDIENTE
035375,LAMBAYEQUE,LAMBAYEQUE,LAMBAYEQUE,OLMOS,158,PENDIENTE
035376,LAMBAYEQUE,LAMBAYEQUE,LAMBAYEQUE,OLMOS,159,PENDIENTE
035377,LAMBAYEQUE,LAMBAYEQUE,LAMBAYEQUE,OLMOS,159,PENDIENTE
035378,LAMBAYEQUE,LAMBAYEQUE,LAMBAYEQUE,OLMOS,159,PENDIENTE
035379,LAMBAYEQUE,LAMBAYEQUE,LAMBAYEQUE,OLMOS,159,PENDIENTE
035380,LAMBAYEQUE,LAMBAYEQUE,LAMBAYEQUE,OLMOS,159,PENDIENTE
035381,LAMBAYEQUE,LAMBAYEQUE,LAMBAYEQUE,OLMOS,159,PENDIENTE
035382,LAMBAYEQUE,LAMBAYEQUE,LAMBAYEQUE,OLMOS,160,PENDIENTE
035383,LAMBAYEQUE,LAMBAYEQUE,LAMBAYEQUE,OLMOS,160,PENDIENTE
035384,LAMBAYEQUE,LAMBAYEQUE,LAMBAYEQUE,OLMOS,160,PENDIENTE
035385,LAMBAYEQUE,LAMBAYEQUE,LAMBAYEQUE,OLMOS,160,PENDIENTE
035386,LAMBAYEQUE,LAMBAYEQUE,LAMBAYEQUE,OLMOS,160,PENDIENTE
035387,LAMBAYEQUE,LAMBAYEQUE,LAMBAYEQUE,OLMOS,160,PENDIENTE
035388,LAMBAYEQUE,LAMBAYEQUE,LAMBAYEQUE,OLMOS,161,PENDIENTE
035389,LAMBAYEQUE,LAMBAYEQUE,LAMBAYEQUE,OLMOS,161,PENDIENTE
035390,LAMBAYEQUE,LAMBAYEQUE,LAMBAYEQUE,OLMOS,161,PENDIENTE
035391,LAMBAYEQUE,LAMBAYEQUE,LAMBAYEQUE,OLMOS,161,PENDIENTE
035392,LAMBAYEQUE,LAMBAYEQUE,LAMBAYEQUE,OLMOS,161,PENDIENTE
035393,LAMBAYEQUE,LAMBAYEQUE,LAMBAYEQUE,OLMOS,161,PENDIENTE
035394,LAMBAYEQUE,LAMBAYEQUE,LAMBAYEQUE,OLMOS,162,PENDIENTE
035395,LAMBAYEQUE,LAMBAYEQUE,LAMBAYEQUE,OLMOS,162,PENDIENTE
035396,LAMBAYEQUE,LAMBAYEQUE,LAMBAYEQUE,OLMOS,162,PENDIENTE
035397,LAMBAYEQUE,LAMBAYEQUE,LAMBAYEQUE,OLMOS,162,PENDIENTE
035398,LAMBAYEQUE,LAMBAYEQUE,LAMBAYEQUE,OLMOS,162,PENDIENTE
035399,LAMBAYEQUE,LAMBAYEQUE,LAMBAYEQUE,OLMOS,162,PENDIENTE
035400,LAMBAYEQUE,LAMBAYEQUE,LAMBAYEQUE,OLMOS,163,PENDIENTE
035401,LAMBAYEQUE,LAMBAYEQUE,LAMBAYEQUE,OLMOS,163,PENDIENTE
035402,LAMBAYEQUE,LAMBAYEQUE,LAMBAYEQUE,OLMOS,163,PENDIENTE
035403,LAMBAYEQUE,LAMBAYEQUE,LAMBAYEQUE,OLMOS,163,PENDIENTE
035404,LAMBAYEQUE,LAMBAYEQUE,LAMBAYEQUE,OLMOS,163,PENDIENTE
035405,LAMBAYEQUE,LAMBAYEQUE,LAMBAYEQUE,OLMOS,163,PENDIENTE
035406,LAMBAYEQUE,LAMBAYEQUE,LAMBAYEQUE,OLMOS,164,PENDIENTE
035407,LAMBAYEQUE,LAMBAYEQUE,LAMBAYEQUE,OLMOS,164,PENDIENTE
035408,LAMBAYEQUE,LAMBAYEQUE,LAMBAYEQUE,OLMOS,164,PENDIENTE
035409,LAMBAYEQUE,LAMBAYEQUE,LAMBAYEQUE,OLMOS,164,PENDIENTE
035410,LAMBAYEQUE,LAMBAYEQUE,LAMBAYEQUE,OLMOS,164,PENDIENTE
035411,LAMBAYEQUE,LAMBAYEQUE,LAMBAYEQUE,OLMOS,164,PENDIENTE
035412,LAMBAYEQUE,LAMBAYEQUE,LAMBAYEQUE,OLMOS,165,PENDIENTE
035413,LAMBAYEQUE,LAMBAYEQUE,LAMBAYEQUE,OLMOS,165,PENDIENTE
035414,LAMBAYEQUE,LAMBAYEQUE,LAMBAYEQUE,OLMOS,165,PENDIENTE
035415,LAMBAYEQUE,LAMBAYEQUE,LAMBAYEQUE,OLMOS,165,PENDIENTE
035416,LAMBAYEQUE,LAMBAYEQUE,LAMBAYEQUE,OLMOS,165,PENDIENTE
035417,LAMBAYEQUE,LAMBAYEQUE,LAMBAYEQUE,OLMOS,165,PENDIENTE
035418,LAMBAYEQUE,LAMBAYEQUE,LAMBAYEQUE,OLMOS,166,PENDIENTE
035419,LAMBAYEQUE,LAMBAYEQUE,LAMBAYEQUE,OLMOS,166,PENDIENTE
035420,LAMBAYEQUE,LAMBAYEQUE,LAMBAYEQUE,OLMOS,166,PENDIENTE
035421,LAMBAYEQUE,LAMBAYEQUE,LAMBAYEQUE,OLMOS,166,PENDIENTE
035422,LAMBAYEQUE,LAMBAYEQUE,LAMBAYEQUE,OLMOS,166,PENDIENTE
035423,LAMBAYEQUE,LAMBAYEQUE,LAMBAYEQUE,OLMOS,166,PENDIENTE
035424,LAMBAYEQUE,LAMBAYEQUE,LAMBAYEQUE,OLMOS,167,PENDIENTE
035425,LAMBAYEQUE,LAMBAYEQUE,LAMBAYEQUE,OLMOS,167,PENDIENTE
035426,LAMBAYEQUE,LAMBAYEQUE,LAMBAYEQUE,OLMOS,167,PENDIENTE
035427,LAMBAYEQUE,LAMBAYEQUE,LAMBAYEQUE,OLMOS,167,PENDIENTE
035428,LAMBAYEQUE,LAMBAYEQUE,LAMBAYEQUE,OLMOS,167,PENDIENTE
035429,LAMBAYEQUE,LAMBAYEQUE,LAMBAYEQUE,OLMOS,167,PENDIENTE
035430,LAMBAYEQUE,LAMBAYEQUE,LAMBAYEQUE,OLMOS,168,PENDIENTE
035431,LAMBAYEQUE,LAMBAYEQUE,LAMBAYEQUE,OLMOS,168,PENDIENTE
035432,LAMBAYEQUE,LAMBAYEQUE,LAMBAYEQUE,OLMOS,168,PENDIENTE
035433,LAMBAYEQUE,LAMBAYEQUE,LAMBAYEQUE,OLMOS,168,PENDIENTE
035434,LAMBAYEQUE,LAMBAYEQUE,LAMBAYEQUE,OLMOS,168,PENDIENTE
035435,LAMBAYEQUE,LAMBAYEQUE,LAMBAYEQUE,OLMOS,168,PENDIENTE
035436,LAMBAYEQUE,LAMBAYEQUE,LAMBAYEQUE,OLMOS,169,PENDIENTE
035437,LAMBAYEQUE,LAMBAYEQUE,LAMBAYEQUE,OLMOS,169,PENDIENTE
035438,LAMBAYEQUE,LAMBAYEQUE,LAMBAYEQUE,OLMOS,169,PENDIENTE
035439,LAMBAYEQUE,LAMBAYEQUE,LAMBAYEQUE,OLMOS,169,PENDIENTE
035440,LAMBAYEQUE,LAMBAYEQUE,LAMBAYEQUE,OLMOS,169,PENDIENTE
035441,LAMBAYEQUE,LAMBAYEQUE,LAMBAYEQUE,OLMOS,169,PENDIENTE
035442,LAMBAYEQUE,LAMBAYEQUE,LAMBAYEQUE,OLMOS,170,PENDIENTE
035443,LAMBAYEQUE,LAMBAYEQUE,LAMBAYEQUE,OLMOS,170,PENDIENTE
035444,LAMBAYEQUE,LAMBAYEQUE,LAMBAYEQUE,OLMOS,170,PENDIENTE
035445,LAMBAYEQUE,LAMBAYEQUE,LAMBAYEQUE,OLMOS,170,PENDIENTE
035446,LAMBAYEQUE,LAMBAYEQUE,LAMBAYEQUE,OLMOS,170,PENDIENTE
035447,LAMBAYEQUE,LAMBAYEQUE,LAMBAYEQUE,OLMOS,170,PENDIENTE
035448,LAMBAYEQUE,LAMBAYEQUE,LAMBAYEQUE,OLMOS,171,PENDIENTE
035449,LAMBAYEQUE,LAMBAYEQUE,LAMBAYEQUE,OLMOS,171,PENDIENTE
035450,LAMBAYEQUE,LAMBAYEQUE,LAMBAYEQUE,OLMOS,171,PENDIENTE
035451,LAMBAYEQUE,LAMBAYEQUE,LAMBAYEQUE,OLMOS,171,PENDIENTE
035452,LAMBAYEQUE,LAMBAYEQUE,LAMBAYEQUE,OLMOS,171,PENDIENTE
035453,LAMBAYEQUE,LAMBAYEQUE,LAMBAYEQUE,OLMOS,171,PENDIENTE
035454,LAMBAYEQUE,LAMBAYEQUE,LAMBAYEQUE,OLMOS,172,PENDIENTE
035455,LAMBAYEQUE,LAMBAYEQUE,LAMBAYEQUE,OLMOS,172,PENDIENTE
035456,LAMBAYEQUE,LAMBAYEQUE,LAMBAYEQUE,OLMOS,172,PENDIENTE
035457,LAMBAYEQUE,LAMBAYEQUE,LAMBAYEQUE,OLMOS,172,PENDIENTE
035458,LAMBAYEQUE,LAMBAYEQUE,LAMBAYEQUE,OLMOS,172,PENDIENTE
035459,LAMBAYEQUE,LAMBAYEQUE,LAMBAYEQUE,OLMOS,172,PENDIENTE
035460,LAMBAYEQUE,LAMBAYEQUE,LAMBAYEQUE,OLMOS,173,PENDIENTE
903141,LAMBAYEQUE,LAMBAYEQUE,LAMBAYEQUE,OLMOS,173,PENDIENTE
903142,LAMBAYEQUE,LAMBAYEQUE,LAMBAYEQUE,OLMOS,173,PENDIENTE
903143,LAMBAYEQUE,LAMBAYEQUE,LAMBAYEQUE,OLMOS,173,PENDIENTE
903144,LAMBAYEQUE,LAMBAYEQUE,LAMBAYEQUE,OLMOS,173,PENDIENTE
903145,LAMBAYEQUE,LAMBAYEQUE,LAMBAYEQUE,OLMOS,173,PENDIENTE
903146,LAMBAYEQUE,LAMBAYEQUE,LAMBAYEQUE,OLMOS,174,PENDIENTE
903147,LAMBAYEQUE,LAMBAYEQUE,LAMBAYEQUE,OLMOS,174,PENDIENTE
903148,LAMBAYEQUE,LAMBAYEQUE,LAMBAYEQUE,OLMOS,174,PENDIENTE
903149,LAMBAYEQUE,LAMBAYEQUE,LAMBAYEQUE,OLMOS,174,PENDIENTE
903150,LAMBAYEQUE,LAMBAYEQUE,LAMBAYEQUE,OLMOS,174,PENDIENTE
903151,LAMBAYEQUE,LAMBAYEQUE,LAMBAYEQUE,OLMOS,174,PENDIENTE
903152,LAMBAYEQUE,LAMBAYEQUE,LAMBAYEQUE,OLMOS,175,PENDIENTE
903153,LAMBAYEQUE,LAMBAYEQUE,LAMBAYEQUE,OLMOS,175,PENDIENTE
903154,LAMBAYEQUE,LAMBAYEQUE,LAMBAYEQUE,OLMOS,175,PENDIENTE
903155,LAMBAYEQUE,LAMBAYEQUE,LAMBAYEQUE,OLMOS,175,PENDIENTE
903156,LAMBAYEQUE,LAMBAYEQUE,LAMBAYEQUE,OLMOS,175,PENDIENTE
903157,LAMBAYEQUE,LAMBAYEQUE,LAMBAYEQUE,OLMOS,175,PENDIENTE
903158,LAMBAYEQUE,LAMBAYEQUE,LAMBAYEQUE,OLMOS,176,PENDIENTE
903159,LAMBAYEQUE,LAMBAYEQUE,LAMBAYEQUE,OLMOS,176,PENDIENTE
903160,LAMBAYEQUE,LAMBAYEQUE,LAMBAYEQUE,OLMOS,176,PENDIENTE
903161,LAMBAYEQUE,LAMBAYEQUE,LAMBAYEQUE,OLMOS,176,PENDIENTE
903162,LAMBAYEQUE,LAMBAYEQUE,LAMBAYEQUE,OLMOS,176,PENDIENTE
903163,LAMBAYEQUE,LAMBAYEQUE,LAMBAYEQUE,OLMOS,176,PENDIENTE
903164,LAMBAYEQUE,LAMBAYEQUE,LAMBAYEQUE,OLMOS,177,PENDIENTE
903165,LAMBAYEQUE,LAMBAYEQUE,LAMBAYEQUE,OLMOS,177,PENDIENTE
903166,LAMBAYEQUE,LAMBAYEQUE,LAMBAYEQUE,OLMOS,177,PENDIENTE
903167,LAMBAYEQUE,LAMBAYEQUE,LAMBAYEQUE,OLMOS,177,PENDIENTE
903168,LAMBAYEQUE,LAMBAYEQUE,LAMBAYEQUE,OLMOS,177,PENDIENTE
903169,LAMBAYEQUE,LAMBAYEQUE,LAMBAYEQUE,OLMOS,177,PENDIENTE
903170,LAMBAYEQUE,LAMBAYEQUE,LAMBAYEQUE,OLMOS,178,PENDIENTE
903171,LAMBAYEQUE,LAMBAYEQUE,LAMBAYEQUE,OLMOS,178,PENDIENTE
903172,LAMBAYEQUE,LAMBAYEQUE,LAMBAYEQUE,OLMOS,178,PENDIENTE
903173,LAMBAYEQUE,LAMBAYEQUE,LAMBAYEQUE,OLMOS,178,PENDIENTE
903174,LAMBAYEQUE,LAMBAYEQUE,LAMBAYEQUE,OLMOS,178,PENDIENTE
903175,LAMBAYEQUE,LAMBAYEQUE,LAMBAYEQUE,OLMOS,178,PENDIENTE
903176,LAMBAYEQUE,LAMBAYEQUE,LAMBAYEQUE,OLMOS,179,PENDIENTE
903177,LAMBAYEQUE,LAMBAYEQUE,LAMBAYEQUE,OLMOS,179,PENDIENTE
903178,LAMBAYEQUE,LAMBAYEQUE,LAMBAYEQUE,OLMOS,179,PENDIENTE
903179,LAMBAYEQUE,LAMBAYEQUE,LAMBAYEQUE,OLMOS,179,PENDIENTE
903180,LAMBAYEQUE,LAMBAYEQUE,LAMBAYEQUE,OLMOS,179,PENDIENTE
903181,LAMBAYEQUE,LAMBAYEQUE,LAMBAYEQUE,OLMOS,179,PENDIENTE
903182,LAMBAYEQUE,LAMBAYEQUE,LAMBAYEQUE,OLMOS,180,PENDIENTE
903183,LAMBAYEQUE,LAMBAYEQUE,LAMBAYEQUE,OLMOS,180,PENDIENTE
903184,LAMBAYEQUE,LAMBAYEQUE,LAMBAYEQUE,OLMOS,180,PENDIENTE
903185,LAMBAYEQUE,LAMBAYEQUE,LAMBAYEQUE,OLMOS,180,PENDIENTE
903186,LAMBAYEQUE,LAMBAYEQUE,LAMBAYEQUE,OLMOS,180,PENDIENTE
903187,LAMBAYEQUE,LAMBAYEQUE,LAMBAYEQUE,OLMOS,180,PENDIENTE
903188,LAMBAYEQUE,LAMBAYEQUE,LAMBAYEQUE,OLMOS,181,PENDIENTE
903189,LAMBAYEQUE,LAMBAYEQUE,LAMBAYEQUE,OLMOS,181,PENDIENTE
035461,LAMBAYEQUE,LAMBAYEQUE,LAMBAYEQUE,PACORA,182,PENDIENTE
035462,LAMBAYEQUE,LAMBAYEQUE,LAMBAYEQUE,PACORA,182,PENDIENTE
035463,LAMBAYEQUE,LAMBAYEQUE,LAMBAYEQUE,PACORA,182,PENDIENTE
035464,LAMBAYEQUE,LAMBAYEQUE,LAMBAYEQUE,PACORA,182,PENDIENTE
035465,LAMBAYEQUE,LAMBAYEQUE,LAMBAYEQUE,PACORA,182,PENDIENTE
035466,LAMBAYEQUE,LAMBAYEQUE,LAMBAYEQUE,PACORA,182,PENDIENTE
035467,LAMBAYEQUE,LAMBAYEQUE,LAMBAYEQUE,PACORA,183,PENDIENTE
035468,LAMBAYEQUE,LAMBAYEQUE,LAMBAYEQUE,PACORA,183,PENDIENTE
035469,LAMBAYEQUE,LAMBAYEQUE,LAMBAYEQUE,PACORA,183,PENDIENTE
035470,LAMBAYEQUE,LAMBAYEQUE,LAMBAYEQUE,PACORA,183,PENDIENTE
035471,LAMBAYEQUE,LAMBAYEQUE,LAMBAYEQUE,PACORA,183,PENDIENTE
035472,LAMBAYEQUE,LAMBAYEQUE,LAMBAYEQUE,PACORA,183,PENDIENTE
035473,LAMBAYEQUE,LAMBAYEQUE,LAMBAYEQUE,PACORA,184,PENDIENTE
035474,LAMBAYEQUE,LAMBAYEQUE,LAMBAYEQUE,PACORA,184,PENDIENTE
035475,LAMBAYEQUE,LAMBAYEQUE,LAMBAYEQUE,PACORA,184,PENDIENTE
035476,LAMBAYEQUE,LAMBAYEQUE,LAMBAYEQUE,PACORA,184,PENDIENTE
035477,LAMBAYEQUE,LAMBAYEQUE,LAMBAYEQUE,PACORA,184,PENDIENTE
035478,LAMBAYEQUE,LAMBAYEQUE,LAMBAYEQUE,PACORA,184,PENDIENTE
035479,LAMBAYEQUE,LAMBAYEQUE,LAMBAYEQUE,PACORA,185,PENDIENTE
035480,LAMBAYEQUE,LAMBAYEQUE,LAMBAYEQUE,PACORA,185,PENDIENTE
035481,LAMBAYEQUE,LAMBAYEQUE,LAMBAYEQUE,PACORA,185,PENDIENTE
035482,LAMBAYEQUE,LAMBAYEQUE,LAMBAYEQUE,PACORA,185,PENDIENTE
035483,LAMBAYEQUE,LAMBAYEQUE,LAMBAYEQUE,PACORA,185,PENDIENTE
035484,LAMBAYEQUE,LAMBAYEQUE,LAMBAYEQUE,SALAS,186,PENDIENTE
035485,LAMBAYEQUE,LAMBAYEQUE,LAMBAYEQUE,SALAS,186,PENDIENTE
035486,LAMBAYEQUE,LAMBAYEQUE,LAMBAYEQUE,SALAS,186,PENDIENTE
035487,LAMBAYEQUE,LAMBAYEQUE,LAMBAYEQUE,SALAS,186,PENDIENTE
035488,LAMBAYEQUE,LAMBAYEQUE,LAMBAYEQUE,SALAS,186,PENDIENTE
035489,LAMBAYEQUE,LAMBAYEQUE,LAMBAYEQUE,SALAS,186,PENDIENTE
035490,LAMBAYEQUE,LAMBAYEQUE,LAMBAYEQUE,SALAS,187,PENDIENTE
035491,LAMBAYEQUE,LAMBAYEQUE,LAMBAYEQUE,SALAS,187,PENDIENTE
035492,LAMBAYEQUE,LAMBAYEQUE,LAMBAYEQUE,SALAS,187,PENDIENTE
035493,LAMBAYEQUE,LAMBAYEQUE,LAMBAYEQUE,SALAS,187,PENDIENTE
035494,LAMBAYEQUE,LAMBAYEQUE,LAMBAYEQUE,SALAS,187,PENDIENTE
035495,LAMBAYEQUE,LAMBAYEQUE,LAMBAYEQUE,SALAS,187,PENDIENTE
035496,LAMBAYEQUE,LAMBAYEQUE,LAMBAYEQUE,SALAS,188,PENDIENTE
035497,LAMBAYEQUE,LAMBAYEQUE,LAMBAYEQUE,SALAS,188,PENDIENTE
035498,LAMBAYEQUE,LAMBAYEQUE,LAMBAYEQUE,SALAS,188,PENDIENTE
035499,LAMBAYEQUE,LAMBAYEQUE,LAMBAYEQUE,SALAS,188,PENDIENTE
035500,LAMBAYEQUE,LAMBAYEQUE,LAMBAYEQUE,SALAS,188,PENDIENTE
035501,LAMBAYEQUE,LAMBAYEQUE,LAMBAYEQUE,SALAS,188,PENDIENTE
035502,LAMBAYEQUE,LAMBAYEQUE,LAMBAYEQUE,SALAS,189,PENDIENTE
035503,LAMBAYEQUE,LAMBAYEQUE,LAMBAYEQUE,SALAS,189,PENDIENTE
035504,LAMBAYEQUE,LAMBAYEQUE,LAMBAYEQUE,SALAS,189,PENDIENTE
035505,LAMBAYEQUE,LAMBAYEQUE,LAMBAYEQUE,SALAS,189,PENDIENTE
035506,LAMBAYEQUE,LAMBAYEQUE,LAMBAYEQUE,SALAS,189,PENDIENTE
035507,LAMBAYEQUE,LAMBAYEQUE,LAMBAYEQUE,SALAS,189,PENDIENTE
035508,LAMBAYEQUE,LAMBAYEQUE,LAMBAYEQUE,SALAS,190,PENDIENTE
035509,LAMBAYEQUE,LAMBAYEQUE,LAMBAYEQUE,SALAS,190,PENDIENTE
035510,LAMBAYEQUE,LAMBAYEQUE,LAMBAYEQUE,SALAS,190,PENDIENTE
035511,LAMBAYEQUE,LAMBAYEQUE,LAMBAYEQUE,SALAS,190,PENDIENTE
035512,LAMBAYEQUE,LAMBAYEQUE,LAMBAYEQUE,SALAS,190,PENDIENTE
035513,LAMBAYEQUE,LAMBAYEQUE,LAMBAYEQUE,SALAS,190,PENDIENTE
035514,LAMBAYEQUE,LAMBAYEQUE,LAMBAYEQUE,SALAS,191,PENDIENTE
903190,LAMBAYEQUE,LAMBAYEQUE,LAMBAYEQUE,SALAS,191,PENDIENTE
903191,LAMBAYEQUE,LAMBAYEQUE,LAMBAYEQUE,SALAS,191,PENDIENTE
903192,LAMBAYEQUE,LAMBAYEQUE,LAMBAYEQUE,SALAS,191,PENDIENTE
903193,LAMBAYEQUE,LAMBAYEQUE,LAMBAYEQUE,SALAS,191,PENDIENTE
903194,LAMBAYEQUE,LAMBAYEQUE,LAMBAYEQUE,SALAS,191,PENDIENTE
903195,LAMBAYEQUE,LAMBAYEQUE,LAMBAYEQUE,SALAS,192,PENDIENTE
903196,LAMBAYEQUE,LAMBAYEQUE,LAMBAYEQUE,SALAS,192,PENDIENTE
903197,LAMBAYEQUE,LAMBAYEQUE,LAMBAYEQUE,SALAS,192,PENDIENTE
903198,LAMBAYEQUE,LAMBAYEQUE,LAMBAYEQUE,SALAS,192,PENDIENTE
903199,LAMBAYEQUE,LAMBAYEQUE,LAMBAYEQUE,SALAS,192,PENDIENTE
903200,LAMBAYEQUE,LAMBAYEQUE,LAMBAYEQUE,SALAS,192,PENDIENTE
903201,LAMBAYEQUE,LAMBAYEQUE,LAMBAYEQUE,SALAS,193,PENDIENTE
903202,LAMBAYEQUE,LAMBAYEQUE,LAMBAYEQUE,SALAS,193,PENDIENTE
903203,LAMBAYEQUE,LAMBAYEQUE,LAMBAYEQUE,SALAS,193,PENDIENTE
903204,LAMBAYEQUE,LAMBAYEQUE,LAMBAYEQUE,SALAS,193,PENDIENTE
903205,LAMBAYEQUE,LAMBAYEQUE,LAMBAYEQUE,SALAS,193,PENDIENTE
903206,LAMBAYEQUE,LAMBAYEQUE,LAMBAYEQUE,SALAS,193,PENDIENTE
035515,LAMBAYEQUE,LAMBAYEQUE,LAMBAYEQUE,SAN JOSE,194,PENDIENTE
035516,LAMBAYEQUE,LAMBAYEQUE,LAMBAYEQUE,SAN JOSE,194,PENDIENTE
035517,LAMBAYEQUE,LAMBAYEQUE,LAMBAYEQUE,SAN JOSE,194,PENDIENTE
035518,LAMBAYEQUE,LAMBAYEQUE,LAMBAYEQUE,SAN JOSE,194,PENDIENTE
035519,LAMBAYEQUE,LAMBAYEQUE,LAMBAYEQUE,SAN JOSE,194,PENDIENTE
035520,LAMBAYEQUE,LAMBAYEQUE,LAMBAYEQUE,SAN JOSE,194,PENDIENTE
035521,LAMBAYEQUE,LAMBAYEQUE,LAMBAYEQUE,SAN JOSE,195,PENDIENTE
035522,LAMBAYEQUE,LAMBAYEQUE,LAMBAYEQUE,SAN JOSE,195,PENDIENTE
035523,LAMBAYEQUE,LAMBAYEQUE,LAMBAYEQUE,SAN JOSE,195,PENDIENTE
035524,LAMBAYEQUE,LAMBAYEQUE,LAMBAYEQUE,SAN JOSE,195,PENDIENTE
035525,LAMBAYEQUE,LAMBAYEQUE,LAMBAYEQUE,SAN JOSE,195,PENDIENTE
035526,LAMBAYEQUE,LAMBAYEQUE,LAMBAYEQUE,SAN JOSE,195,PENDIENTE
035527,LAMBAYEQUE,LAMBAYEQUE,LAMBAYEQUE,SAN JOSE,196,PENDIENTE
035528,LAMBAYEQUE,LAMBAYEQUE,LAMBAYEQUE,SAN JOSE,196,PENDIENTE
035529,LAMBAYEQUE,LAMBAYEQUE,LAMBAYEQUE,SAN JOSE,196,PENDIENTE
035530,LAMBAYEQUE,LAMBAYEQUE,LAMBAYEQUE,SAN JOSE,196,PENDIENTE
035531,LAMBAYEQUE,LAMBAYEQUE,LAMBAYEQUE,SAN JOSE,196,PENDIENTE
035532,LAMBAYEQUE,LAMBAYEQUE,LAMBAYEQUE,SAN JOSE,196,PENDIENTE
035533,LAMBAYEQUE,LAMBAYEQUE,LAMBAYEQUE,SAN JOSE,197,PENDIENTE
035534,LAMBAYEQUE,LAMBAYEQUE,LAMBAYEQUE,SAN JOSE,197,PENDIENTE
035535,LAMBAYEQUE,LAMBAYEQUE,LAMBAYEQUE,SAN JOSE,197,PENDIENTE
035536,LAMBAYEQUE,LAMBAYEQUE,LAMBAYEQUE,SAN JOSE,197,PENDIENTE
035537,LAMBAYEQUE,LAMBAYEQUE,LAMBAYEQUE,SAN JOSE,197,PENDIENTE
035538,LAMBAYEQUE,LAMBAYEQUE,LAMBAYEQUE,SAN JOSE,197,PENDIENTE
035539,LAMBAYEQUE,LAMBAYEQUE,LAMBAYEQUE,SAN JOSE,198,PENDIENTE
035540,LAMBAYEQUE,LAMBAYEQUE,LAMBAYEQUE,SAN JOSE,198,PENDIENTE
035541,LAMBAYEQUE,LAMBAYEQUE,LAMBAYEQUE,SAN JOSE,198,PENDIENTE
035542,LAMBAYEQUE,LAMBAYEQUE,LAMBAYEQUE,SAN JOSE,198,PENDIENTE
035543,LAMBAYEQUE,LAMBAYEQUE,LAMBAYEQUE,SAN JOSE,198,PENDIENTE
035544,LAMBAYEQUE,LAMBAYEQUE,LAMBAYEQUE,SAN JOSE,198,PENDIENTE
035545,LAMBAYEQUE,LAMBAYEQUE,LAMBAYEQUE,SAN JOSE,199,PENDIENTE
035546,LAMBAYEQUE,LAMBAYEQUE,LAMBAYEQUE,SAN JOSE,199,PENDIENTE
035547,LAMBAYEQUE,LAMBAYEQUE,LAMBAYEQUE,SAN JOSE,199,PENDIENTE
035548,LAMBAYEQUE,LAMBAYEQUE,LAMBAYEQUE,SAN JOSE,199,PENDIENTE
035549,LAMBAYEQUE,LAMBAYEQUE,LAMBAYEQUE,SAN JOSE,199,PENDIENTE
035550,LAMBAYEQUE,LAMBAYEQUE,LAMBAYEQUE,SAN JOSE,199,PENDIENTE
035551,LAMBAYEQUE,LAMBAYEQUE,LAMBAYEQUE,SAN JOSE,200,PENDIENTE
035552,LAMBAYEQUE,LAMBAYEQUE,LAMBAYEQUE,SAN JOSE,200,PENDIENTE
035553,LAMBAYEQUE,LAMBAYEQUE,LAMBAYEQUE,SAN JOSE,200,PENDIENTE
035554,LAMBAYEQUE,LAMBAYEQUE,LAMBAYEQUE,SAN JOSE,200,PENDIENTE
035555,LAMBAYEQUE,LAMBAYEQUE,LAMBAYEQUE,SAN JOSE,200,PENDIENTE
035556,LAMBAYEQUE,LAMBAYEQUE,LAMBAYEQUE,SAN JOSE,200,PENDIENTE
035557,LAMBAYEQUE,LAMBAYEQUE,LAMBAYEQUE,SAN JOSE,201,PENDIENTE
035558,LAMBAYEQUE,LAMBAYEQUE,LAMBAYEQUE,SAN JOSE,201,PENDIENTE
035559,LAMBAYEQUE,LAMBAYEQUE,LAMBAYEQUE,TUCUME,202,PENDIENTE
035560,LAMBAYEQUE,LAMBAYEQUE,LAMBAYEQUE,TUCUME,202,PENDIENTE
035561,LAMBAYEQUE,LAMBAYEQUE,LAMBAYEQUE,TUCUME,202,PENDIENTE
035562,LAMBAYEQUE,LAMBAYEQUE,LAMBAYEQUE,TUCUME,202,PENDIENTE
035563,LAMBAYEQUE,LAMBAYEQUE,LAMBAYEQUE,TUCUME,202,PENDIENTE
035564,LAMBAYEQUE,LAMBAYEQUE,LAMBAYEQUE,TUCUME,202,PENDIENTE
035565,LAMBAYEQUE,LAMBAYEQUE,LAMBAYEQUE,TUCUME,203,PENDIENTE
035566,LAMBAYEQUE,LAMBAYEQUE,LAMBAYEQUE,TUCUME,203,PENDIENTE
035567,LAMBAYEQUE,LAMBAYEQUE,LAMBAYEQUE,TUCUME,203,PENDIENTE
035568,LAMBAYEQUE,LAMBAYEQUE,LAMBAYEQUE,TUCUME,203,PENDIENTE
035569,LAMBAYEQUE,LAMBAYEQUE,LAMBAYEQUE,TUCUME,203,PENDIENTE
035570,LAMBAYEQUE,LAMBAYEQUE,LAMBAYEQUE,TUCUME,203,PENDIENTE
035571,LAMBAYEQUE,LAMBAYEQUE,LAMBAYEQUE,TUCUME,204,PENDIENTE
035572,LAMBAYEQUE,LAMBAYEQUE,LAMBAYEQUE,TUCUME,204,PENDIENTE
035573,LAMBAYEQUE,LAMBAYEQUE,LAMBAYEQUE,TUCUME,204,PENDIENTE
035574,LAMBAYEQUE,LAMBAYEQUE,LAMBAYEQUE,TUCUME,204,PENDIENTE
035575,LAMBAYEQUE,LAMBAYEQUE,LAMBAYEQUE,TUCUME,204,PENDIENTE
035576,LAMBAYEQUE,LAMBAYEQUE,LAMBAYEQUE,TUCUME,204,PENDIENTE
035577,LAMBAYEQUE,LAMBAYEQUE,LAMBAYEQUE,TUCUME,205,PENDIENTE
035578,LAMBAYEQUE,LAMBAYEQUE,LAMBAYEQUE,TUCUME,205,PENDIENTE
035579,LAMBAYEQUE,LAMBAYEQUE,LAMBAYEQUE,TUCUME,205,PENDIENTE
035580,LAMBAYEQUE,LAMBAYEQUE,LAMBAYEQUE,TUCUME,205,PENDIENTE
035581,LAMBAYEQUE,LAMBAYEQUE,LAMBAYEQUE,TUCUME,205,PENDIENTE
035582,LAMBAYEQUE,LAMBAYEQUE,LAMBAYEQUE,TUCUME,205,PENDIENTE
035583,LAMBAYEQUE,LAMBAYEQUE,LAMBAYEQUE,TUCUME,206,PENDIENTE
035584,LAMBAYEQUE,LAMBAYEQUE,LAMBAYEQUE,TUCUME,206,PENDIENTE
035585,LAMBAYEQUE,LAMBAYEQUE,LAMBAYEQUE,TUCUME,206,PENDIENTE
035586,LAMBAYEQUE,LAMBAYEQUE,LAMBAYEQUE,TUCUME,206,PENDIENTE
035587,LAMBAYEQUE,LAMBAYEQUE,LAMBAYEQUE,TUCUME,206,PENDIENTE
035588,LAMBAYEQUE,LAMBAYEQUE,LAMBAYEQUE,TUCUME,206,PENDIENTE
035589,LAMBAYEQUE,LAMBAYEQUE,LAMBAYEQUE,TUCUME,207,PENDIENTE
035590,LAMBAYEQUE,LAMBAYEQUE,LAMBAYEQUE,TUCUME,207,PENDIENTE
035591,LAMBAYEQUE,LAMBAYEQUE,LAMBAYEQUE,TUCUME,207,PENDIENTE
035592,LAMBAYEQUE,LAMBAYEQUE,LAMBAYEQUE,TUCUME,207,PENDIENTE
035593,LAMBAYEQUE,LAMBAYEQUE,LAMBAYEQUE,TUCUME,207,PENDIENTE
035594,LAMBAYEQUE,LAMBAYEQUE,LAMBAYEQUE,TUCUME,207,PENDIENTE
035595,LAMBAYEQUE,LAMBAYEQUE,LAMBAYEQUE,TUCUME,208,PENDIENTE
035596,LAMBAYEQUE,LAMBAYEQUE,LAMBAYEQUE,TUCUME,208,PENDIENTE
035597,LAMBAYEQUE,LAMBAYEQUE,LAMBAYEQUE,TUCUME,208,PENDIENTE
035598,LAMBAYEQUE,LAMBAYEQUE,LAMBAYEQUE,TUCUME,208,PENDIENTE
035599,LAMBAYEQUE,LAMBAYEQUE,LAMBAYEQUE,TUCUME,208,PENDIENTE
035600,LAMBAYEQUE,LAMBAYEQUE,LAMBAYEQUE,TUCUME,208,PENDIENTE
035601,LAMBAYEQUE,LAMBAYEQUE,LAMBAYEQUE,TUCUME,209,PENDIENTE
035602,LAMBAYEQUE,LAMBAYEQUE,LAMBAYEQUE,TUCUME,209,PENDIENTE
035603,LAMBAYEQUE,LAMBAYEQUE,LAMBAYEQUE,TUCUME,209,PENDIENTE
035604,LAMBAYEQUE,LAMBAYEQUE,LAMBAYEQUE,TUCUME,209,PENDIENTE
035605,LAMBAYEQUE,LAMBAYEQUE,LAMBAYEQUE,TUCUME,209,PENDIENTE
035606,LAMBAYEQUE,LAMBAYEQUE,LAMBAYEQUE,TUCUME,209,PENDIENTE
035607,LAMBAYEQUE,LAMBAYEQUE,LAMBAYEQUE,TUCUME,210,PENDIENTE
035608,LAMBAYEQUE,LAMBAYEQUE,LAMBAYEQUE,TUCUME,210,PENDIENTE
035609,LAMBAYEQUE,LAMBAYEQUE,LAMBAYEQUE,TUCUME,210,PENDIENTE
035610,LAMBAYEQUE,LAMBAYEQUE,LAMBAYEQUE,TUCUME,210,PENDIENTE
035611,LAMBAYEQUE,LAMBAYEQUE,LAMBAYEQUE,TUCUME,210,PENDIENTE
035612,LAMBAYEQUE,LAMBAYEQUE,LAMBAYEQUE,TUCUME,210,PENDIENTE
035613,LAMBAYEQUE,LAMBAYEQUE,LAMBAYEQUE,TUCUME,211,PENDIENTE
035614,LAMBAYEQUE,LAMBAYEQUE,LAMBAYEQUE,TUCUME,211,PENDIENTE
035615,LAMBAYEQUE,LAMBAYEQUE,LAMBAYEQUE,TUCUME,211,PENDIENTE
035616,LAMBAYEQUE,LAMBAYEQUE,LAMBAYEQUE,TUCUME,211,PENDIENTE
035617,LAMBAYEQUE,LAMBAYEQUE,LAMBAYEQUE,TUCUME,211,PENDIENTE
035618,LAMBAYEQUE,LAMBAYEQUE,LAMBAYEQUE,TUCUME,211,PENDIENTE
035619,LAMBAYEQUE,LAMBAYEQUE,LAMBAYEQUE,TUCUME,212,PENDIENTE
035620,LAMBAYEQUE,LAMBAYEQUE,LAMBAYEQUE,TUCUME,212,PENDIENTE
035621,LAMBAYEQUE,LAMBAYEQUE,LAMBAYEQUE,TUCUME,212,PENDIENTE
035622,LAMBAYEQUE,LAMBAYEQUE,LAMBAYEQUE,TUCUME,212,PENDIENTE
035623,LAMBAYEQUE,LAMBAYEQUE,LAMBAYEQUE,TUCUME,212,PENDIENTE
035624,LAMBAYEQUE,LAMBAYEQUE,LAMBAYEQUE,TUCUME,212,PENDIENTE
035625,LAMBAYEQUE,LAMBAYEQUE,LAMBAYEQUE,TUCUME,213,PENDIENTE
035626,LAMBAYEQUE,LAMBAYEQUE,LAMBAYEQUE,TUCUME,213,PENDIENTE
035627,LAMBAYEQUE,LAMBAYEQUE,LAMBAYEQUE,TUCUME,213,PENDIENTE
